pesticide,current_pathway_status,stepwise_arrow_count,folder_found,real_pdf_count,html_placeholder_count,top_candidate_papers,doi_candidates_from_queue,automated_evidence_signal,needed_information_for_kegg_like_arrow,recommended_next_action,sample_files_from_usb_folder
"2,4-D",Stepwise pathway integrated,8,No,0,0,,,,"Curated substrate, product, and reaction labels are already available for the current database view.",No immediate action for the pathway sketch; continue literature expansion only if a more complete route is needed.,
2-Phenylphenol,Stepwise pathway integrated,3,Yes,29,0,,,,"Curated substrate, product, and reaction labels are already available for the current database view.",No immediate action for the pathway sketch; continue literature expansion only if a more complete route is needed.,"All-in-one continuous electrochemical monitoring of 2-phenylphenol removal from water by electro-Fenton treatment..pdf | Catalytic degradation of kraft lignin to determine its antioxidant potential for industrial purposes..pdf | Cloning of bacterial genes specifying degradation of 4-chlorobiphenyl from Pseudomonas putida OU83..pdf | Degradation of 2-hydroxybiphenyl and 2,2'-dihydroxybiphenyl by Pseudomonas sp. strain HBP1..pdf"
Abamectin,Stepwise pathway integrated,4,Yes,18,0,Effect of soil fumigants on degradation of abamectin and their combination synergistic effect to root-knot nematode..pdf | Photodegradation of the acaricide abamectin a kinetic study..pdf | Degradation of abamectin by newly isolated Stenotrophomonas maltophilia ZJB-14120 and characterization of its abamectin-tolerance mechanism..pdf | Microbial degradation of abamectin in reservoir water.pdf | Time profile of abamectin and doramectin excretion and degradation in sheep faeces..pdf,10.1002/jssc.201401234; 10.1002/ps.1503; 10.1002/ps.2303; 10.1002/ps.3535 | 10.1021/jf8014848 | 10.1016/j.resmic.2015.04.002 | 10.1007/s10646-006-0085-1 | 10.1016/j.envpol.2005.12.019,candidate_gene/enzyme_plus_pathway,"Curated substrate, product, and reaction labels are already available for the current database view.",No immediate action for the pathway sketch; continue literature expansion only if a more complete route is needed.,"Contribution of insect gut microbiota and their associated enzymes in insect physiology and biodegradation of pesticides..pdf | Degradation of abamectin and doramectin on sheep grazed pasture..pdf | Degradation of abamectin by newly isolated Stenotrophomonas maltophilia ZJB-14120 and characterization of its abamectin-tolerance mechanism..pdf | Degradation of sex pheromone and plant volatile components by an antennal glutathione S-transferase in the oriental fruit moth,Grapholita molesta Busck (Lepidoptera Tortricidae)..pdf"
Acephate,Stepwise pathway integrated,13,Yes,42,0,,,,"Curated substrate, product, and reaction labels are already available for the current database view.",No immediate action for the pathway sketch; continue literature expansion only if a more complete route is needed.,A Comprehensive Review of Multifunctional Nanozymes for Degradation and Detection of Organophosphorus Pesticides in the Environment..pdf | Aerobic dichlorvos degradation by iPseudomonas stutzerii smk complete pathway and implications for toxicity in iMus musculusi..pdf | Aflatoxin Bâ‚ degradation by a Pseudomonas strain..pdf | Are the issues involving acephate already resolved A scientometric review..pdf
Acetamiprid,Stepwise pathway integrated,1,Yes,2,0,,,,"Curated substrate, product, and reaction labels are already available for the current database view.",No immediate action for the pathway sketch; continue literature expansion only if a more complete route is needed.,Acetamiprid_10.1371_journal.pone.0082603.pdf | Acetamiprid_10.3389_fmicb.2020.01429.pdf
Acetochlor,Stepwise pathway integrated,1,Yes,0,24,,,,"Curated substrate, product, and reaction labels are already available for the current database view.",No immediate action for the pathway sketch; continue literature expansion only if a more complete route is needed.,A_Critical_Review_on_Metal_Organic_Frameworks_and_Their_Composites_as_Advanced_M.pdf | Biodegradation_of_di_n_Butyl_Phthalate_by_Achromobacter_sp__Isolated_from_Rural_.pdf | Characterization_of_a_novel_amidohydrolase_with_promiscuous_esterase_activity_fr.pdf | Characterization_of_a_Sequential_UV_Photolysis_Biodegradation_Process_for_Treatm.pdf
Acibenzolar-S-methyl,Needs stepwise product/intermediate screening (candidate papers available),0,Yes,8,0,Biodegradation of soil-applied pesticides by selected strains of plant growth-promoting rhizobacteria (PGPR) and their effects on bacterial growth..pdf | Modification of the existing maximum residue levels for acibenzolar-S-methyl in beans with pods and peas with pods..pdf | Modification of the existing maximum residue levels for acibenzolar-S-methyl in aubergines and cucurbits with edible and inedible peel..pdf | Attenuation and soil biodegradation of fungicides by using vegetated buffer strips in vineyards during a simulated rainfall-runoff event..pdf | Postharvest acibenzolar-S-methyl treatment maintains storage quality and retards softening of apple fruit..pdf,10.1007/s10532-011-9509-6 | 10.2903/j.ef; 10.2903/j.efsa.2013.3122; 10.2903/j.efsa.2017; 10.2903/j.efsa.2017.4929 | 10.2903/j.efsa; 10.2903/j.efsa.2011.2632; 10.2903/j.efsa.2017; 10.2903/j.efsa.2017.4929 | 10.1007/s11356-023-27766-9 | 10.1002/jsfa.9326; 10.1002/jsfa.9376; 10.1007/s0021; 10.1007/s4216,candidate_gene/enzyme_plus_pathway,"Substrate, product/intermediate, transformation type, gene/protein/enzyme if reported, organism, DOI/reference.",Screen the strongest papers for identified metabolites/products and convert supported reactions into pathway steps.,Attenuation and soil biodegradation of fungicides by using vegetated buffer strips in vineyards during a simulated rainfall-runoff event..pdf | Biodegradation of soil-applied pesticides by selected strains of plant growth-promoting rhizobacteria (PGPR) and their effects on bacterial growth..pdf | Influence of Bacillus subtilis and Trichoderma harzianum on Penthiopyrad Degradation under Laboratory and Field Studies.pdf | Modification of the existing maximum residue level for acibenzolar-S-methyl in hazelnuts..pdf
Aldrin and Dieldrin,Stepwise pathway integrated,2,No,0,0,,,,"Curated substrate, product, and reaction labels are already available for the current database view.",No immediate action for the pathway sketch; continue literature expansion only if a more complete route is needed.,
Ametoctradin,Stepwise pathway integrated,4,Yes,3,0,Accelerated Biodegradation of the Agrochemical Ametoctradin by Soil-Derived Microbial Consortia..pdf | Modification of the existing maximum residue level for ametoctradin in honey..pdf | Modification of the existing maximum residue levels for ametoctradin in herbs and edible flowers..pdf,10.1002/jctb.6390; 10.1007/978-981-10; 10.1007/BF0049; 10.1007/BF02467676 | 10.2903/j.efsa.2012.2921; 10.2903/j.efsa.2018.5147; 10.2903/j.efsa.2020.5990; 10.2903/j.efsa.2021 | 10.2903/j.efsa; 10.2903/j.efsa.2007.32r; 10.2903/j.efsa.2009.1367; 10.2903/j.efsa.2012.2921,candidate_gene/enzyme_plus_pathway,"Curated substrate, product, and reaction labels are already available for the current database view.",No immediate action for the pathway sketch; continue literature expansion only if a more complete route is needed.,Accelerated Biodegradation of the Agrochemical Ametoctradin by Soil-Derived Microbial Consortia..pdf | Modification of the existing maximum residue level for ametoctradin in honey..pdf | Modification of the existing maximum residue levels for ametoctradin in herbs and edible flowers..pdf
Azinphos-Methyl,Full-text re-download needed,0,Yes,0,5,,,,"Readable PDFs containing chromatograms, metabolite tables, pathway schemes, or product identification.","Replace placeholder or unreadable files with real PDFs, then screen for products/intermediates.",Microbial_Degradation_of_Pesticide_Residues_and_an_Emphasis_on_the_Degradation_o.pdf | Organophosphorus_pesticide_degradation_product_in_vitro_metabolic_stability_and_.pdf | Photodegradation_of_pesticides_using_compound_specific_isotope_analysis__CSIA___.pdf | Screening_for__i_Lactobacillus_plantarum__i__Strains_That_Possess_Organophosphor.pdf
Azoxystrobin,Stepwise pathway integrated,1,Yes,0,36,,,,"Curated substrate, product, and reaction labels are already available for the current database view.",No immediate action for the pathway sketch; continue literature expansion only if a more complete route is needed.,1_Tetradecanol__Diethyl_Phthalate_and_Tween_80_Assist_in_the_Formation_of_Thermo.pdf | A_Leaf_Disc_Assay_for_Evaluating_the_Response_of_Tea___i_Camellia_sinensis__i___.pdf | Acute_exposure_to_a_commercial_formulation_of_Azoxystrobin_alters_antioxidant_en.pdf | An_Overview_of_Strobilurin_Fungicide_Degradation_Current_Status_and_Future_Persp.pdf
Bentazone,Stepwise pathway integrated,5,Yes,0,14,,,,"Curated substrate, product, and reaction labels are already available for the current database view.",No immediate action for the pathway sketch; continue literature expansion only if a more complete route is needed.,A_Brief_Photocatalytic_Study_of_ZnO_Containing_Cerium_towards_Ibuprofen_Degradat.pdf | Adsorption_of_bentazone_in_the_profiles_of_mineral_soils_with_low_organic_matter.pdf | An_Overview_of_Photocatalytic_Membrane_Degradation_Development_.pdf | Bioaugmentation_has_temporary_effect_on_anaerobic_pesticide_biodegradation_in_si.pdf
Bifenthrin,Stepwise pathway integrated,2,Yes,0,24,,,,"Curated substrate, product, and reaction labels are already available for the current database view.",No immediate action for the pathway sketch; continue literature expansion only if a more complete route is needed.,Bacterial_Cytochrome_P450_Involvement_in_the_Biodegradation_of_Fluorinated_Pyret.pdf | Bifenthrin_at_Sublethal_Concentrations_Suppresses_Mating_and_Laying_of_Female__i.pdf | Bifenthrin_induced_neurotoxicity_in_rats__involvement_of_oxidative_stress_.pdf | Bifenthrin_Residues_in_Table_Grapevine__Method_Optimization__Dissipation_and_Rem.pdf
Boscalid,Full-text re-download needed,0,Yes,0,14,,,,"Readable PDFs containing chromatograms, metabolite tables, pathway schemes, or product identification.","Replace placeholder or unreadable files with real PDFs, then screen for products/intermediates.",Contribution_of_insect_gut_microbiota_and_their_associated_enzymes_in_insect_phy.pdf | Degradation_of_Pesticide_Residues_in_Water__Soil__and_Food_Products_via_Cold_Pla.pdf | Dissipation_kinetics_and_biological_degradation_by_yeast_and_dietary_risk_assess.pdf | Dissipation_Residue_Behaviors_and_Dietary_Risk_Assessment_of_Boscalid_and_Pyracl.pdf
Buprofezin,Stepwise pathway integrated,1,Yes,0,13,,,,"Curated substrate, product, and reaction labels are already available for the current database view.",No immediate action for the pathway sketch; continue literature expansion only if a more complete route is needed.,Buprofezin_Is_Metabolized_by_CYP353D1v2__a_Cytochrome_P450_Associated_with_Imida.pdf | Conclusion_regarding_the_peer_review_of_the_pesticide_risk_assessment_of_the_act.pdf | Contribution_of_insect_gut_microbiota_and_their_associated_enzymes_in_insect_phy.pdf | Degradation_of_Acephate_and_Its_Intermediate_Methamidophos__Mechanisms_and_Bioch.pdf
Cadusafos,Full-text re-download needed,0,Yes,0,4,,,,"Readable PDFs containing chromatograms, metabolite tables, pathway schemes, or product identification.","Replace placeholder or unreadable files with real PDFs, then screen for products/intermediates.",Biodegradation_of_chlorpyrifos_by_enterobacter_strain_B_14_and_its_use_in_biorem.pdf | Contribution_of_insect_gut_microbiota_and_their_associated_enzymes_in_insect_phy.pdf | Degradation_kinetics_and_physiological_studies_of_organophosphates_degrading_mic.pdf | Microbial_degradation_of_halogenated_aromatics__molecular_mechanisms_and_enzymat.pdf
Captan,Full-text re-download needed,0,Yes,0,16,,,,"Readable PDFs containing chromatograms, metabolite tables, pathway schemes, or product identification.","Replace placeholder or unreadable files with real PDFs, then screen for products/intermediates.",Biodegradation_of_propiconazole_by_newly_isolated_Burkholderia_sp__strain_BBK_9_.pdf | Dislodgeable_Foliar_Residue_Measurements_and_Assessment_of_Dermal_Exposure_to_Ca.pdf | Effect_of_plasma_activated_water_and_buffer_solution_combined_with_ultrasound_on.pdf | Effects_of_1_3_butadiene__isoprene__and_their_photochemical_degradation_products.pdf
Carbaryl,Stepwise pathway integrated,1,Yes,0,50,,,,"Curated substrate, product, and reaction labels are already available for the current database view.",No immediate action for the pathway sketch; continue literature expansion only if a more complete route is needed.,_i_Bacilli___i_Mediated_Degradation_of_Xenobiotic_Compounds_and_Heavy_Metals_.pdf | A_bispecific_nanobody_with_high_sensitivity_efficiency_for_simultaneous_determin.pdf | A_Critical_Review_on_Metal_Organic_Frameworks_and_Their_Composites_as_Advanced_M.pdf | A_Novel_Paper_Based_Electrochemical_Biosensor_Based_on_N_O_Rich_Covalent_Organic.pdf
Carbendazim,Stepwise pathway integrated,1,Yes,0,47,,,,"Curated substrate, product, and reaction labels are already available for the current database view.",No immediate action for the pathway sketch; continue literature expansion only if a more complete route is needed.,_i_Daphnia_magna__i__Multigeneration_Exposure_to_Carbendazim__Gene_Transcription.pdf | A_Comprehensive_Review_of_Multifunctional_Nanozymes_for_Degradation_and_Detectio.pdf | A_Novel_Cu_sub_2__sub_O_ZnO_PET_Composite_Membrane_for_the_Photocatalytic_Degrad.pdf | A_Sensitive_and_Selective_Electrochemical_Aptasensor_for_Carbendazim_Detection_.pdf
Carbofuran,Stepwise pathway integrated,1,No,0,0,,,,"Curated substrate, product, and reaction labels are already available for the current database view.",No immediate action for the pathway sketch; continue literature expansion only if a more complete route is needed.,
Carbosulfan,PDF folder missing,0,No,0,0,,,,Full-text paper PDFs or reliable source files with degradation products/intermediates.,Create or locate the pesticide PDF folder before pathway curation.,
Chlorantraniliprole,Full-text re-download needed,0,Yes,0,33,,,,"Readable PDFs containing chromatograms, metabolite tables, pathway schemes, or product identification.","Replace placeholder or unreadable files with real PDFs, then screen for products/intermediates.",A_mechanism_based_approach_unveils_metabolic_routes_potentially_mediating_chlora.pdf | A_reference_gene_set_for_sex_pheromone_biosynthesis_and_degradation_genes_from_t.pdf | Biochemical_basis_of_synergism_between_pathogenic_fungus_Metarhizium_anisopliae_.pdf | Chitosan_Delivered_Chlorantraniliprole_for_Pest_Control__Preparation_Optimizatio.pdf
Chlordane,Full-text re-download needed,0,Yes,0,16,,,,"Readable PDFs containing chromatograms, metabolite tables, pathway schemes, or product identification.","Replace placeholder or unreadable files with real PDFs, then screen for products/intermediates.",_i_Bacilli___i_Mediated_Degradation_of_Xenobiotic_Compounds_and_Heavy_Metals_.pdf | Alterations_in_macrophage_phagocytosis_and_inflammatory_tone_following_exposure_.pdf | Bacterial_degradation_of_aromatic_compounds_.pdf | Biodegradation_of_crystal_violet_by_the_white_rot_fungus_Phanerochaete_chrysospo.pdf
Chlorothalonil,Stepwise pathway integrated,1,Yes,1,38,,,,"Curated substrate, product, and reaction labels are already available for the current database view.",No immediate action for the pathway sketch; continue literature expansion only if a more complete route is needed.,A_novel_hydrolytic_dehalogenase_for_the_chlorinated_aromatic_compound_chlorothal.pdf | A_pulsed_dose_study_evaluating_chronic_toxicity_of_chlorothalonil_to_fish__A_cas.pdf | Antibody_free_colorimetric_detection_of_chlorothalonil_in_cucumber__i_via__i__th.pdf | Biodegradation_of_agave_Comiteco_bagasse_by__i_Pleurotus__i__spp___a_source_of_c.pdf
Chlorpropham,Full-text re-download needed,0,Yes,0,11,,,,"Readable PDFs containing chromatograms, metabolite tables, pathway schemes, or product identification.","Replace placeholder or unreadable files with real PDFs, then screen for products/intermediates.",A_multifunctional_enzyme_portfolio_for_α_chaconine_and_α_solanine_degradation_in.pdf | An_Amidase_Gene___i_ipaH__i___Is_Responsible_for_the_Initial_Step_in_the_Iprodio.pdf | Biodegradation_of_phenmedipham_by_novel__i_Ochrobactrum_anthropi__i__NC_1_.pdf | Characterization_of_a_novel_amidohydrolase_with_promiscuous_esterase_activity_fr.pdf
Chlorpyrifos-methyl,Stepwise pathway integrated,1,Yes,1,72,,,,"Curated substrate, product, and reaction labels are already available for the current database view.",No immediate action for the pathway sketch; continue literature expansion only if a more complete route is needed.,A_Comprehensive_Review_of_Multifunctional_Nanozymes_for_Degradation_and_Detectio.pdf | A_Novel_Organophosphorus_Acid_Anhydrolase_from_Deep_Sea_Sediment_with_High_Degra.pdf | A_review_on_WO_sub_3__sub__photocatalysis_used_for_wastewater_treatment_and_pest.pdf | Adsorption_and_Photocatalytic_Degradation_of_Pesticides_into_Nanocomposites__A_R.pdf
Clothianidin,Full-text re-download needed,0,Yes,0,31,,,,"Readable PDFs containing chromatograms, metabolite tables, pathway schemes, or product identification.","Replace placeholder or unreadable files with real PDFs, then screen for products/intermediates.",A_Critical_Review_on_Metal_Organic_Frameworks_and_Their_Composites_as_Advanced_M.pdf | A_review_on_WO_sub_3__sub__photocatalysis_used_for_wastewater_treatment_and_pest.pdf | Aerobic_Degradation_of_Clothianidin_to_2_Chloro_methyl_Thiazole_and_Methyl_3__Th.pdf | Biodegradation_and_Metabolic_Pathway_of_the_Neonicotinoid_Insecticide_Thiamethox.pdf
Cyfluthrin/beta-cyfluthrin,Full-text re-download needed,0,Yes,0,48,,,,"Readable PDFs containing chromatograms, metabolite tables, pathway schemes, or product identification.","Replace placeholder or unreadable files with real PDFs, then screen for products/intermediates.",_i_Bacilli___i_Mediated_Degradation_of_Xenobiotic_Compounds_and_Heavy_Metals_.pdf | A_Critical_Review_on_Metal_Organic_Frameworks_and_Their_Composites_as_Advanced_M.pdf | Adsorption_and_Photocatalytic_Degradation_of_Pesticides_into_Nanocomposites__A_R.pdf | Bacterial_Cytochrome_P450_Involvement_in_the_Biodegradation_of_Fluorinated_Pyret.pdf
Cypermethrin,PDF folder missing,0,No,0,0,,,,Full-text paper PDFs or reliable source files with degradation products/intermediates.,Create or locate the pesticide PDF folder before pathway curation.,
Cyprodinil,Full-text re-download needed,0,Yes,0,12,,,,"Readable PDFs containing chromatograms, metabolite tables, pathway schemes, or product identification.","Replace placeholder or unreadable files with real PDFs, then screen for products/intermediates.",Changed_degradation_behavior_of_pesticides_when_present_in_mixtures_.pdf | Conditions_Optimizing_and_Application_of_Laccase_mediator_System__LMS__for_the_L.pdf | Degradation_of_Pesticide_Residues_in_Water__Soil__and_Food_Products_via_Cold_Pla.pdf | Effect_of_cyprodinil_and_fludioxonil_pesticides_on_bovine_liver_catalase_activit.pdf
Cyromazine,Stepwise pathway integrated,1,Yes,0,8,,,,"Curated substrate, product, and reaction labels are already available for the current database view.",No immediate action for the pathway sketch; continue literature expansion only if a more complete route is needed.,Assembly_Driven_Oxidative_Degradation_of_Melarsomine_Triggered_by_Cyanuric_Acid_.pdf | Bacterial_degradation_of_N_cyclopropylmelamine__The_steps_to_ring_cleavage_.pdf | Biodegradation_of_cyromazine_by_melamine_degrading_bacteria_.pdf | Role_of_Insect_Gut_Microbiota_in_Pesticide_Degradation__A_Review_.pdf
DDT,Stepwise pathway integrated,3,No,0,0,,,,"Curated substrate, product, and reaction labels are already available for the current database view.",No immediate action for the pathway sketch; continue literature expansion only if a more complete route is needed.,
Deltamethrin,Stepwise pathway integrated,3,Yes,0,72,,,,"Curated substrate, product, and reaction labels are already available for the current database view.",No immediate action for the pathway sketch; continue literature expansion only if a more complete route is needed.,_i_Bacilli___i_Mediated_Degradation_of_Xenobiotic_Compounds_and_Heavy_Metals_.pdf | A_Comprehensive_Review_of_Multifunctional_Nanozymes_for_Degradation_and_Detectio.pdf | A_novel_miRNA__miR_13664__targets_CpCYP314A1_to_regulate_deltamethrin_resistance.pdf | Absence_of_close_range_excitorepellent_effects_in_malaria_mosquitoes_exposed_to_.pdf
Dicamba,Stepwise pathway integrated,2,Yes,0,31,,,,"Curated substrate, product, and reaction labels are already available for the current database view.",No immediate action for the pathway sketch; continue literature expansion only if a more complete route is needed.,2_4_D_and_dicamba_resistance_mechanisms_in_wild_radish__subtle__complex_and_popu.pdf | A_Tetrahydrofolate_Dependent_Methyltransferase_Catalyzing_the_Demethylation_of_D.pdf | A_Three_Component_Enzyme_System_Catalyzes_the_O_Demethylation_of_the_Herbicide_D.pdf | Bacterial_Dispersal_Promotes_Biodegradation_in_Heterogeneous_Systems_Exposed_to_.pdf
Dichlobenil,Full-text re-download needed,0,Yes,0,8,,,,"Readable PDFs containing chromatograms, metabolite tables, pathway schemes, or product identification.","Replace placeholder or unreadable files with real PDFs, then screen for products/intermediates.",Biodegradation_of_nitriles_in_shale_oil_.pdf | Degradation_and_mineralization_of_nanomolar_concentrations_of_the_herbicide_dich.pdf | Degradation_of_Acetonitrile_by_Pseudomonas_putida_.pdf | Fungal_degradation_of_aromatic_nitriles__Enzymology_of_C_N_cleavage_by_Fusarium_.pdf
Dichlorvos,Stepwise pathway integrated,1,Yes,1,48,,,,"Curated substrate, product, and reaction labels are already available for the current database view.",No immediate action for the pathway sketch; continue literature expansion only if a more complete route is needed.,_lt_i_gt_Andrographis_paniculata_lt__i_gt__aqueous_extract_exhibits_cardioprotec.pdf | A_Comprehensive_Review_of_Multifunctional_Nanozymes_for_Degradation_and_Detectio.pdf | A_Novel_Organophosphorus_Acid_Anhydrolase_from_Deep_Sea_Sediment_with_High_Degra.pdf | A_Review_of_Microalgae__and_Cyanobacteria_Based_Biodegradation_of_Organic_Pollut.pdf
Dicofol,Full-text re-download needed,0,Yes,0,13,,,,"Readable PDFs containing chromatograms, metabolite tables, pathway schemes, or product identification.","Replace placeholder or unreadable files with real PDFs, then screen for products/intermediates.",A_refined_method_for_analysis_of_4_4__dicofol_and_4_4__dichlorobenzophenone_.pdf | Biodegradation_of_DDT__1_1_1_trichloro_2_2_bis_4_chlorophenyl_ethane__by_the_whi.pdf | Burning_question__Rethinking_organohalide_degradation_strategy_for_bioremediatio.pdf | Degradation_of_endrin__aldrin__and_DDT_by_soil_microorganisms_.pdf
Difenoconazole,Stepwise pathway integrated,3,Yes,0,25,,,,"Curated substrate, product, and reaction labels are already available for the current database view.",No immediate action for the pathway sketch; continue literature expansion only if a more complete route is needed.,A_Cheminformatics_Study_Regarding_the_Human_Health_Risks_Assessment_of_the_Stere.pdf | Antifungal_Activity_of_Difenoconazole_Loaded_Microcapsules_against__i_Curvularia.pdf | Bioaccessibility_of_Difenoconazole_in_Rice_Following_Industry_Standard_Processin.pdf | Biodegradation_of_phenol_contaminated_soil_and_plant_growth_promotion_by__i_Myro.pdf
Dimethoate,Full-text re-download needed,0,Yes,0,43,,,,"Readable PDFs containing chromatograms, metabolite tables, pathway schemes, or product identification.","Replace placeholder or unreadable files with real PDFs, then screen for products/intermediates.",A_Comprehensive_Review_of_Multifunctional_Nanozymes_for_Degradation_and_Detectio.pdf | A_Novel_Molecularly_Imprinted_Quartz_Crystal_Microbalance_Sensor_Based_on_Erbium.pdf | Adsorption_and_Photocatalytic_Degradation_of_Pesticides_into_Nanocomposites__A_R.pdf | Aerobic_Degradation_of_Clothianidin_to_2_Chloro_methyl_Thiazole_and_Methyl_3__Th.pdf
Dimethomorph,Full-text re-download needed,0,Yes,0,5,,,,"Readable PDFs containing chromatograms, metabolite tables, pathway schemes, or product identification.","Replace placeholder or unreadable files with real PDFs, then screen for products/intermediates.",Attenuation_and_soil_biodegradation_of_fungicides_by_using_vegetated_buffer_stri.pdf | Co_exposure_of_dimethomorph_and_imidacloprid__effects_on_soil_bacterial_communit.pdf | Degradation_strategies_of_pesticide_residue__From_chemicals_to_synthetic_biology.pdf | Dissipation_and_Safety_Analysis_of_Dimethomorph_Application_in_Lychee_by_High_Pe.pdf
Dinotefuran,Full-text re-download needed,0,Yes,0,24,,,,"Readable PDFs containing chromatograms, metabolite tables, pathway schemes, or product identification.","Replace placeholder or unreadable files with real PDFs, then screen for products/intermediates.",A_Critical_Review_on_Metal_Organic_Frameworks_and_Their_Composites_as_Advanced_M.pdf | Adsorption_and_Photocatalytic_Degradation_of_Pesticides_into_Nanocomposites__A_R.pdf | Adverse_outcome_pathway_based_assessment_of_pulmonary_toxicity_from_the__i_in_vi.pdf | Biodegradation_and_Metabolic_Pathway_of_the_Neonicotinoid_Insecticide_Thiamethox.pdf
Diphenylamine,Stepwise pathway integrated,1,Yes,0,52,,,,"Curated substrate, product, and reaction labels are already available for the current database view.",No immediate action for the pathway sketch; continue literature expansion only if a more complete route is needed.,1_6_α_L_Fucosidases_from__i_Bifidobacterium_longum__i__subsp___i_infantis__i__AT.pdf | 3_Chlorodiphenylamine_activates_cardiac_troponin_by_a_mechanism_distinct_from_be.pdf | Adsorption_of_DNA_to_sand_and_variable_degradation_rates_of_adsorbed_DNA_.pdf | Anomalous_efficiency_elevation_of_quantum_dot_light_emitting_diodes_induced_by_o.pdf
Diquat,Full-text re-download needed,0,Yes,0,29,,,,"Readable PDFs containing chromatograms, metabolite tables, pathway schemes, or product identification.","Replace placeholder or unreadable files with real PDFs, then screen for products/intermediates.",_i_Periplaneta__i___i_americana__i__Extract_Pretreatment_Alleviates_Oxidative_St.pdf | Absorption_and_excretion_of_diquat_and_paraquat_in_rats_.pdf | Analysis_of_Human_microRNA_Expression_Profiling_During_Diquat_Induced_Renal_Prox.pdf | Biodegradation_Capabilities_of_Paraquat_Degrading_Bacteria_Immobilized_on_Nanoce.pdf
Dithiocarbamate,PDF folder missing,0,No,0,0,,,,Full-text paper PDFs or reliable source files with degradation products/intermediates.,Create or locate the pesticide PDF folder before pathway curation.,
Emamectin benzoate,Full-text re-download needed,0,Yes,0,25,,,,"Readable PDFs containing chromatograms, metabolite tables, pathway schemes, or product identification.","Replace placeholder or unreadable files with real PDFs, then screen for products/intermediates.",Application_of_Solid_Dispersion_Technique_to_Improve_Solubility_and_Sustain_Rele.pdf | Assessment_of_the_effect_of_sub_lethal_acute_toxicity_of_Emamectin_benzoate_in__.pdf | Comparative_analyses_of_the_effects_of_sublethal_doses_of_emamectin_benzoate_and.pdf | CRISPR_Cas9_Based_Functional_Characterization_of_SfUGT50A15_Reveals_Its_Roles_in.pdf
Endosulfan,Stepwise pathway integrated,2,Yes,1,47,,,,"Curated substrate, product, and reaction labels are already available for the current database view.",No immediate action for the pathway sketch; continue literature expansion only if a more complete route is needed.,_i_Bacilli___i_Mediated_Degradation_of_Xenobiotic_Compounds_and_Heavy_Metals_.pdf | A_single_monooxygenase__ese__is_involved_in_the_metabolism_of_the_organochloride.pdf | Acute_oral_toxicity_and_histopathological_study_of_combination_of_endosulfan_and.pdf | Atmospheric_Hydroxyl_Radical_Reaction_Rate_Coefficient_and_Total_Environmental_L.pdf
Endrin,Full-text re-download needed,0,Yes,0,12,,,,"Readable PDFs containing chromatograms, metabolite tables, pathway schemes, or product identification.","Replace placeholder or unreadable files with real PDFs, then screen for products/intermediates.",Bacterial_degradation_of_aromatic_compounds_.pdf | Biochar_in_co_contaminated_soil_manipulates_arsenic_solubility_and_microbiologic.pdf | Biodegradability_and_biodegradation_pathways_of_chlorinated_cyclodiene_insectici.pdf | Contribution_of_insect_gut_microbiota_and_their_associated_enzymes_in_insect_phy.pdf
Esfenvalerate,Full-text re-download needed,0,Yes,0,12,,,,"Readable PDFs containing chromatograms, metabolite tables, pathway schemes, or product identification.","Replace placeholder or unreadable files with real PDFs, then screen for products/intermediates.",_i_Bacilli___i_Mediated_Degradation_of_Xenobiotic_Compounds_and_Heavy_Metals_.pdf | Contribution_of_insect_gut_microbiota_and_their_associated_enzymes_in_insect_phy.pdf | Degradation_of_the_strobilurin_fungicide_mandestrobin_in_illuminated_water_sedim.pdf | Effects_of_the_insecticide_esfenvalerate_on_zooplankton_in_an_indoor_synthetic_m.pdf
Ethion,Full-text re-download needed,0,Yes,0,9,,,,"Readable PDFs containing chromatograms, metabolite tables, pathway schemes, or product identification.","Replace placeholder or unreadable files with real PDFs, then screen for products/intermediates.",_i_Bacilli___i_Mediated_Degradation_of_Xenobiotic_Compounds_and_Heavy_Metals_.pdf | A_Comprehensive_Review_of_Multifunctional_Nanozymes_for_Degradation_and_Detectio.pdf | Biodegradation_of_pesticide_in_agricultural_soil_employing_entomopathogenic_fung.pdf | Chitosan_TPP_encapsulated_quercetin_nanoparticles__amplified_protection_mechanis.pdf
Ethoprophos,Full-text re-download needed,0,Yes,0,9,,,,"Readable PDFs containing chromatograms, metabolite tables, pathway schemes, or product identification.","Replace placeholder or unreadable files with real PDFs, then screen for products/intermediates.",Biodegradation_of_chlorpyrifos_by_enterobacter_strain_B_14_and_its_use_in_biorem.pdf | Effects_of_soil_pH_on_the_biodegradation_of_chlorpyrifos_and_isolation_of_a_chlo.pdf | Efficacy_of_Ethoprop_on_Meloidogyne_hapla_and_M__chitwoodi_and_Enhanced_Biodegra.pdf | Efficient_biodegradation_of_acephate_by__i_Pseudomonas_pseudoalcaligenes__i__PS_.pdf
Etoxazole,Full-text re-download needed,0,Yes,0,4,,,,"Readable PDFs containing chromatograms, metabolite tables, pathway schemes, or product identification.","Replace placeholder or unreadable files with real PDFs, then screen for products/intermediates.",Chiral_Separation_and_Determination_of_Etoxazole_Enantiomers_in_Vegetables_by_No.pdf | Crystal_structure_and_Hirshfeld_surface_analysis_of_the_pesticide_etoxazole_.pdf | Peer_review_of_the_pesticide_risk_assessment_of_the_active_substance_etoxazole_.pdf | Residue_Behaviors_and_Degradation_Dynamics_of_Insecticides_Commonly_Applied_to__.pdf
Fenamiphos,Needs stepwise product/intermediate screening (folder has readable PDFs),0,Yes,3,0,,,,"Substrate, product/intermediate, transformation type, gene/protein/enzyme if reported, organism, DOI/reference.",Screen the strongest papers for identified metabolites/products and convert supported reactions into pathway steps.,"Analytical method validation, dissipation and safety evaluation of combination fungicides fenamidoneâ€‰+â€‰mancozeb and iprovalicarbâ€‰+â€‰propineb inon tomato..pdf | Determination of famoxadone, fenamidone, fenhexamid and iprodione residues in greenhouse tomatoes..pdf | Dynamics and residues of mixed formulation of fenamidone and mancozeb in gherkin field ecosystem..pdf"
Fenhexamid,Full-text re-download needed,0,Yes,0,6,,,,"Readable PDFs containing chromatograms, metabolite tables, pathway schemes, or product identification.","Replace placeholder or unreadable files with real PDFs, then screen for products/intermediates.",Endocrine_disruptors_fludioxonil_and_fenhexamid_stimulate_miR_21_expression_in_b.pdf | Highly_sensitive_voltammetric_determination_of_the_fungicide_fenhexamid_using_a_.pdf | In_vitro_metabolism_of_tebuconazole__flurtamone__fenhexamid__metalaxyl_M_and_spi.pdf | Modification_of_the_existing_maximum_residue_levels_for_fenhexamid_in_various_cr.pdf
Fenitrothion,Full-text re-download needed,0,Yes,0,46,,,,"Readable PDFs containing chromatograms, metabolite tables, pathway schemes, or product identification.","Replace placeholder or unreadable files with real PDFs, then screen for products/intermediates.",_i_Bacilli___i_Mediated_Degradation_of_Xenobiotic_Compounds_and_Heavy_Metals_.pdf | _i_Solanum_Nigrum__i__Fruit_Extract_Increases_Toxicity_of_Fenitrothion_A_Synthet.pdf | A_Comprehensive_Review_of_Multifunctional_Nanozymes_for_Degradation_and_Detectio.pdf | A_Review_on_the_Degradation_of_Pollutants_by_Fenton_Like_Systems_Based_on_Zero_V.pdf
Fenpropathrin,Full-text re-download needed,0,Yes,0,25,,,,"Readable PDFs containing chromatograms, metabolite tables, pathway schemes, or product identification.","Replace placeholder or unreadable files with real PDFs, then screen for products/intermediates.",_i_Bacilli___i_Mediated_Degradation_of_Xenobiotic_Compounds_and_Heavy_Metals_.pdf | _i_Punica_granatum__i___Pomegranate__Peel_Extract_Pre_Treatment_Alleviates_Fenpr.pdf | Ameliorative_effects_of_date_palm_kernel_extract_against_fenpropathrin_induced_m.pdf | Antioxidant_Role_of__i_PcGSTd1__i__in_Fenpropathrin_Resistant_Population_of_the_.pdf
Fenvalerate,Stepwise pathway integrated,3,Yes,0,25,,,,"Curated substrate, product, and reaction labels are already available for the current database view.",No immediate action for the pathway sketch; continue literature expansion only if a more complete route is needed.,_i_Bacilli___i_Mediated_Degradation_of_Xenobiotic_Compounds_and_Heavy_Metals_.pdf | Aerobic_degradation_of_fenvalerate_by_a_Gram_positive_bacterium___i_Bacillus_fle.pdf | An_endocrine_disrupting_chemical__fenvalerate__induces_cell_cycle_progression_an.pdf | Biodegradation_and_metabolic_pathway_of_fenvalerate_by_Citrobacter_freundii_CD_9.pdf
Fipronil,Stepwise pathway integrated,2,Yes,0,50,,,,"Curated substrate, product, and reaction labels are already available for the current database view.",No immediate action for the pathway sketch; continue literature expansion only if a more complete route is needed.,A_GABA_Receptor_Modulator_and_Semiochemical_Compounds_Evidenced_Using_Volatolomi.pdf | Activated_carbon_as_a_means_of_limiting_bioaccumulation_of_organochlorine_pestic.pdf | Ameliorative_Effects_of_Boswellic_Acid_on_Fipronil_Induced_Toxicity__Antioxidant.pdf | Arylpyrrole_and_fipronil_analogues_that_inhibit_the_motility_and_or_development_.pdf
Flonicamid,Stepwise pathway integrated,2,Yes,0,18,,,,"Curated substrate, product, and reaction labels are already available for the current database view.",No immediate action for the pathway sketch; continue literature expansion only if a more complete route is needed.,Biodegradation_of_flonicamid_by_Ensifer_adhaerens_CGMCC_6315_and_enzymatic_chara.pdf | Efficient_Biodegradation_of_the_Neonicotinoid_Insecticide_Flonicamid_by_Pseudami.pdf | Intergenerational_Sublethal_Effects_of_Flonicamid_on_Cotton_Aphid___i_Aphis_goss.pdf | Metabolic_Profiling_and_Comparative_Proteomic_Insight_in_Respect_of_Amidases_dur.pdf
Fluazinam,Full-text re-download needed,0,Yes,0,5,,,,"Readable PDFs containing chromatograms, metabolite tables, pathway schemes, or product identification.","Replace placeholder or unreadable files with real PDFs, then screen for products/intermediates.",Comparative_Transcriptome_Analysis_Reveals_the_Mechanism_Related_to_Fluazinam_St.pdf | Conclusion_regarding_the_peer_review_of_the_pesticide_risk_assessment_of_the_act.pdf | Dissipation_and_Residue_Pattern_of_Dinotefuran__Fluazinam__Indoxacarb__and_Thiac.pdf | Modification_of_the_existing_maximum_residue_levels_for_fluazinam_in_onions__sha.pdf
Flubendiamide,Full-text re-download needed,0,Yes,0,12,,,,"Readable PDFs containing chromatograms, metabolite tables, pathway schemes, or product identification.","Replace placeholder or unreadable files with real PDFs, then screen for products/intermediates.",A_monoclonal_antibody_based_indirect_competitive_enzyme_linked_immunosorbent_ass.pdf | Biodegradation_of_flubendiamide_by_a_newly_isolated_Chryseobacterium_sp__strain_.pdf | Biodegradation_of_pesticide_in_agricultural_soil_employing_entomopathogenic_fung.pdf | De_novo_transcriptome_and_expression_profile_analyses_of_the_Asian_corn_borer__O.pdf
Fludioxonil,Full-text re-download needed,0,Yes,0,19,,,,"Readable PDFs containing chromatograms, metabolite tables, pathway schemes, or product identification.","Replace placeholder or unreadable files with real PDFs, then screen for products/intermediates.",A_Fungicide__Fludioxonil__Formed_the_Polyploid_Giant_Cancer_Cells_and_Induced_Me.pdf | Aggressiveness_and_Patulin_Production_in__i_Penicillium_expansum__i__Multidrug_R.pdf | Combining_Culture_Dependent_and_Independent_Approaches_for_the_Optimization_of_E.pdf | Degradation_of_Pesticide_Residues_in_Water__Soil__and_Food_Products_via_Cold_Pla.pdf
Fluxapyroxad,Needs stepwise product/intermediate screening (candidate papers available),0,Yes,9,0,Investigation of Residue Dissipation of Fluxapyroxad and Its Metabolites in Chinese Cabbage and Spring Scallion Using Different Application Methods..pdf | Dissipation kinetics and biological degradation by yeast and dietary risk assessment of fluxapyroxad in apples..pdf | Degradation of Fluxapyroxad in Soils and WaterSediment Systems Under Aerobic or Anaerobic Conditions..pdf | Modification of the existing maximum residue levels for fluxapyroxad in kakiJapanese persimmons and cultivated mushrooms..pdf | Setting of import tolerances for fluxapyroxad in certain root crops and coffee beans..pdf,10.3390/plants13172448 | 10.1038/s41598-020-78177-6; 10.1186/1475-2891-3-5; 10.1371/journ | 10.1007/s00128-015-1556-y; 10.2166/WPT.2006084 | 10.2903/j.efsa.2024.8696 | 10.2903/j.efsa; 10.2903/j.efsa.2007.32r; 10.2903/j.efsa.2011.2196; 10.2903/j.efsa.2013.3312,candidate_gene/enzyme_plus_pathway,"Substrate, product/intermediate, transformation type, gene/protein/enzyme if reported, organism, DOI/reference.",Screen the strongest papers for identified metabolites/products and convert supported reactions into pathway steps.,"A Nationwide Study of Residual Fate of Fluxapyroxad and Its Metabolites in Peanut Crops Across China Assessment of Human Exposure Potential..pdf | Accumulation and growth toxicity mechanisms of fluxapyroxad revealed by physiological, hepatopancreas transcriptome, and gut microbiome analysis in Pacific white shrimp (Litopenaeus vannamei)..pdf | Degradation of Fluxapyroxad in Soils and WaterSediment Systems Under Aerobic or Anaerobic Conditions..pdf | Dissipation kinetics and biological degradation by yeast and dietary risk assessment of fluxapyroxad in apples..pdf"
Folpet,Full-text re-download needed,0,Yes,0,9,,,,"Readable PDFs containing chromatograms, metabolite tables, pathway schemes, or product identification.","Replace placeholder or unreadable files with real PDFs, then screen for products/intermediates.",Atmospheric_oxidation_of_Folpet_initiated_by_OH_radicals__NO_sub_3__sub__radical.pdf | Degradation_of_metalaxyl_and_mefenoxam_and_effects_on_the_microbiological_proper.pdf | Low_temperatures_lead_to_higher_toxicity_of_the_fungicide_folpet_to_larval_stage.pdf | Modification_of_the_existing_maximum_residue_level_for_folpet_in_lettuces_.pdf
Glufosinate-Ammonium,Stepwise pathway integrated,2,Yes,18,0,"Accumulation, metabolites formation and elimination behavior of rac-glufosinate-ammonium and glufosinate-P in zebrafish (Danio rerio)..pdf | Comparing toxicity and biodegradation of racemic glufosinate and L-glufosinate in green algae Scenedesmus obliquus..pdf | Persistence and leachability of glufosinate-ammonium in a northern Ontario terrestrial environment..pdf | Multiple effects of the herbicide glufosinate-ammonium and its main metabolite on neural stem cells from the subventricular zone of newborn mice..pdf | Effects of L-Glufosinate-ammonium and temperature on reproduction controlled by neuroendocrine system in lizard (Eremias argus)..pdf",10.1002/etc.5620170713; 10.1007/978-1; 10.1007/978-1-4612-2672-7_4; 10.1007/s00216-008 | 10.1002/chir.22018; 10.1002/etc; 10.1002/etc.2613; 10.1002/ps | 10.1001/jamaneurol.2013.6030; 10.1002/glia.20965; 10.1002/mrdd.10033; 10.1007/s00401-009-0624-y | 10.1016/j.envpol.2019.113564,candidate_gene/enzyme_plus_pathway,"Curated substrate, product, and reaction labels are already available for the current database view.",No immediate action for the pathway sketch; continue literature expansion only if a more complete route is needed.,"Accumulation, metabolites formation and elimination behavior of rac-glufosinate-ammonium and glufosinate-P in zebrafish (Danio rerio)..pdf | Casein Kinase 2 Mediates Degradation of Transcription Factor Pcf1 during Appressorium Formation in the Rice Blast Fungus..pdf | Chromatographic Methods for the Determination of Glyphosate in Cereals Together with a Discussion of Its Occurrence, Accumulation, Fate, Degradation, and Regulatory Status..pdf | Co-option of an extracellular protease for transcriptional control of nutrient degradation in the fungus Aspergillus nidulans..pdf"
Glyphosate,Stepwise pathway integrated,3,Yes,1,242,,,,"Curated substrate, product, and reaction labels are already available for the current database view.",No immediate action for the pathway sketch; continue literature expansion only if a more complete route is needed.,_i_Bacilli___i_Mediated_Degradation_of_Xenobiotic_Compounds_and_Heavy_Metals_.pdf | _i_Bacillus_aryabhattai__i__FACU__A_promising_bacterial_strain_capable_of_manipu.pdf | _i_Stenotrophomonas_pavanii__i__MY01_induces_phosphate_precipitation_of_Cu_II__a.pdf | A_Critical_Review_on_Metal_Organic_Frameworks_and_Their_Composites_as_Advanced_M.pdf
Haloxyfop,Full-text re-download needed,0,Yes,0,8,,,,"Readable PDFs containing chromatograms, metabolite tables, pathway schemes, or product identification.","Replace placeholder or unreadable files with real PDFs, then screen for products/intermediates.",Chiral_method_validation_and_stereoselective_degradation_of_profoxydim_isomers_i.pdf | Dynamics_of_the_Degradation_of_Acetyl_CoA_Carboxylase_Herbicides_in_Vegetables_.pdf | Impact_of_biochar_on_the_degradation_rates_of_three_pesticides_by_vegetables_and.pdf | Molecular_basis_for_enantioselective_herbicide_degradation_imparted_by_aryloxyal.pdf
Heptachlor,Full-text re-download needed,0,Yes,0,20,,,,"Readable PDFs containing chromatograms, metabolite tables, pathway schemes, or product identification.","Replace placeholder or unreadable files with real PDFs, then screen for products/intermediates.",Anaerobic_biodegradation_of_chlorophenols_in_fresh_and_acclimated_sludge_.pdf | Bacterial_degradation_of_aromatic_compounds_.pdf | Biochar_in_co_contaminated_soil_manipulates_arsenic_solubility_and_microbiologic.pdf | Biodegradability_and_biodegradation_pathways_of_chlorinated_cyclodiene_insectici.pdf
Imazamox,Stepwise pathway integrated,3,Yes,18,0,Characterization of imazamox degradation by-products by using liquid chromatography mass spectrometry and high-resolution Fourier transform ion cyclotron resonance mass spectrometry..pdf | Relationship between changes of soil microbial biomass content and imazamox and benfluralin degradation.pdf | Behavior of the Chiral Herbicide Imazamox in Soils Enantiomer Composition Differentiates between Biodegradation and Photodegradation..pdf | Development of a new test design to investigate the degradation of pesticides in soil under sunlight conditions.pdf | Survey of ACCase and ALS resistance in winter annual grasses identifies target-site and nontarget-site imazamox resistance in Secale cereale..pdf,10.1007/s00216-007-1343-7 | 10.1007/s00374-001-0433-5 | 10.1021/acs.est.8b07209; 10.1021/acs.est.8b07210 | 10.1186/s12302-024-00974-x | 10.1002/ps.7154,candidate_gene/enzyme_plus_pathway,"Curated substrate, product, and reaction labels are already available for the current database view.",No immediate action for the pathway sketch; continue literature expansion only if a more complete route is needed.,"Adsorption and degradation of imazapic in soils under different environmental conditions..pdf | Analysis of the Photodegradation of the Imidazolinone Herbicides Imazamox, Imazapic, Imazaquin, and Imazamethabenz-methyl in Aqueous Solution..pdf | Application of an Enzymatic Hydrolysed L-α-Amino Acid Based Biostimulant to Improve Sunflower Tolerance to Imazamox.pdf | Behavior of imidazolinone herbicide enantiomers in earthworm-soil microcosms Degradation and bioaccumulation..pdf"
Imazethapyr,Full-text re-download needed,0,Yes,0,6,,,,"Readable PDFs containing chromatograms, metabolite tables, pathway schemes, or product identification.","Replace placeholder or unreadable files with real PDFs, then screen for products/intermediates.",Adsorption_and_degradation_of_imazapic_in_soils_under_different_environmental_co.pdf | Enantioselective_phytotoxicity_of_the_herbicide_imazethapyr_on_the_response_of_t.pdf | Ethylene_Biosynthesis_Inhibition_Combined_with_Cyanide_Degradation_Confer_Resist.pdf | Herbicidal_Ionic_Liquids__A_Promising_Future_for_Old_Herbicides__Review_on_Synth.pdf
Imidacloprid,Stepwise pathway integrated,2,Yes,1,75,,,,"Curated substrate, product, and reaction labels are already available for the current database view.",No immediate action for the pathway sketch; continue literature expansion only if a more complete route is needed.,A_review_on_WO_sub_3__sub__photocatalysis_used_for_wastewater_treatment_and_pest.pdf | Ability_of__i_Lactobacillus_brevis__i__47f_to_Alleviate_the_Toxic_Effects_of_Imi.pdf | Absorption_and_Distribution_of_Imidacloprid_and_Its_Metabolites_in_Goldfish___i_.pdf | Aerobic_Degradation_of_Clothianidin_to_2_Chloro_methyl_Thiazole_and_Methyl_3__Th.pdf
Indoxacarb,Full-text re-download needed,0,Yes,0,19,,,,"Readable PDFs containing chromatograms, metabolite tables, pathway schemes, or product identification.","Replace placeholder or unreadable files with real PDFs, then screen for products/intermediates.",A_systemic_study_of_indoxacarb_resistance_in_Spodoptera_litura_revealed_complex_.pdf | Behavioral_and_Transcriptomic_Analyses_in_the_Indoxacarb_Response_of_a_Non_Targe.pdf | Characterization_of_Indoxacarb_Resistance_in_the_Fall_Armyworm__Selection__Inher.pdf | Characterization_of_Spodoptera_littoralis__Lepidoptera__Noctuidae__resistance_to.pdf
Iprodione,Stepwise pathway integrated,3,Yes,0,18,,,,"Curated substrate, product, and reaction labels are already available for the current database view.",No immediate action for the pathway sketch; continue literature expansion only if a more complete route is needed.,An_Amidase_Gene___i_ipaH__i___Is_Responsible_for_the_Initial_Step_in_the_Iprodio.pdf | Biodegradation_of_Iprodione_and_Chlorpyrifos_Using_an_Immobilized_Bacterial_Cons.pdf | Biodegradation_of_pesticide_in_agricultural_soil_employing_entomopathogenic_fung.pdf | Carbamate_C_N_Hydrolase_Gene__i_ameH__i__Responsible_for_the_Detoxification_Step.pdf
Isopyrazam,Stepwise pathway integrated,4,Yes,5,0,Simultaneous Determination of the Residues of Isopyrazam Isomers and Their Metabolites in Soil and Tomatoes by Ultraperformance Liquid Chromatography-Tandem Mass Spectrometry..pdf | Review of the existing maximum residue levels for isopyrazam according to Article 12 of Regulation (EC) No 3962005..pdf | Fungicide isopyrazam degradative response toward extrinsically added fungal and bacterial strains..pdf | The behavior of isopyrazam in aquatic ecosystems implementation of a tiered investigation..pdf | Surface water mineralization of isopyrazam according to OECD 309 observations on implementation of the new data requirement within agrochemical regulation..pdf,10.1021/acs.jafc.0c02081 | 10.2903/j.efsa.2010.1785; 10.2903/j.efsa.2011.2134; 10.2903/j.efsa.2012; 10.2903/j.efsa.2013.3165 | 10.1002/jobm.201900687; 10.1080/03067319.2019.1700965 | 10.1002/etc.337 | 10.1002/etc.2490,candidate_gene/enzyme_plus_pathway,"Curated substrate, product, and reaction labels are already available for the current database view.",No immediate action for the pathway sketch; continue literature expansion only if a more complete route is needed.,Fungicide isopyrazam degradative response toward extrinsically added fungal and bacterial strains..pdf | Review of the existing maximum residue levels for isopyrazam according to Article 12 of Regulation (EC) No 3962005..pdf | Simultaneous Determination of the Residues of Isopyrazam Isomers and Their Metabolites in Soil and Tomatoes by Ultraperformance Liquid Chromatography-Tandem Mass Spectrometry..pdf | Surface water mineralization of isopyrazam according to OECD 309 observations on implementation of the new data requirement within agrochemical regulation..pdf
Isoxaflutole,Full-text re-download needed,0,Yes,0,3,,,,"Readable PDFs containing chromatograms, metabolite tables, pathway schemes, or product identification.","Replace placeholder or unreadable files with real PDFs, then screen for products/intermediates.",Changed_degradation_behavior_of_pesticides_when_present_in_mixtures_.pdf | Comparison_of_transcriptome_responses_to_glyphosate__isoxaflutole__quizalofop_p_.pdf | Ecotoxicological_Evaluation_of_Safener_and_Antimicrobial_Additives_in_Isoxafluto.pdf
Lindane,Stepwise pathway integrated,1,Yes,0,35,,,,"Curated substrate, product, and reaction labels are already available for the current database view.",No immediate action for the pathway sketch; continue literature expansion only if a more complete route is needed.,A_Review_of_Microalgae__and_Cyanobacteria_Based_Biodegradation_of_Organic_Pollut.pdf | A_review_on_WO_sub_3__sub__photocatalysis_used_for_wastewater_treatment_and_pest.pdf | Adsorption_of_lindane__γ_hexachlorocyclohexane__on_nickel_modified_graphitic_car.pdf | Advanced_photocatalytic_materials_based_degradation_of_micropollutants_and_their.pdf
Malathion,Stepwise pathway integrated,1,Yes,2,49,,,,"Curated substrate, product, and reaction labels are already available for the current database view.",No immediate action for the pathway sketch; continue literature expansion only if a more complete route is needed.,A_Comprehensive_Review_of_Multifunctional_Nanozymes_for_Degradation_and_Detectio.pdf | A_Novel_Organophosphorus_Acid_Anhydrolase_from_Deep_Sea_Sediment_with_High_Degra.pdf | Adsorption_and_Photocatalytic_Degradation_of_Pesticides_into_Nanocomposites__A_R.pdf | Alleviation_of_Malathion_Toxicity_Effect_by__i_Coffea_arabica__i__L__Oil_and__i_.pdf
Mandipropamid,Stepwise pathway integrated,7,Yes,11,0,"Indigenous functional microbial degradation of the chiral fungicide mandipropamid in repeatedly treated soils Preferential changes in the R-enantiomer..pdf | Review of the existing maximum residue levels for mandipropamid according to Article 12 of Regulation (EC) NoÂ 3962005..pdf | Insights on the isolation, identification, and degradation characteristics of three bacterial strains against mandipropamid and their application potential for polluted soil remediation..pdf | Setting of an import tolerance for mandipropamid in cocoa beans..pdf | Modification of the existing maximum residue levels for mandipropamid in various crops..pdf",10.1016/j.jhazmat.2022.128961 | 10.2903/j.efsa; 10.2903/j.efsa.2007.32r; 10.2903/j.efsa.2009; 10.2903/j.efsa.2011.2013 | 10.1016/j.pestbp.2023.105376 | 10.2903/j.efsa; 10.2903/j.efsa.2018.5147; 10.2903/j.efsa.2018.5284; 10.2903/j.efsa.2018.5491 | 10.2903/j.efsa; 10.2903/j.efsa.2007.32r; 10.2903/j.efsa.2018; 10.2903/j.efsa.2018.5284,candidate_gene/enzyme_plus_pathway,"Curated substrate, product, and reaction labels are already available for the current database view.",No immediate action for the pathway sketch; continue literature expansion only if a more complete route is needed.,"Effects of Household Processing on Residues of the Chiral Fungicide Mandipropamid in Four Common Vegetables..pdf | Indigenous functional microbial degradation of the chiral fungicide mandipropamid in repeatedly treated soils Preferential changes in the R-enantiomer..pdf | Insights on the isolation, identification, and degradation characteristics of three bacterial strains against mandipropamid and their application potential for polluted soil remediation..pdf | Mandipropamid as a chemical inducer of proximity for in vivo applications..pdf"
MCPA,Stepwise pathway integrated,1,Yes,0,0,,,,"Curated substrate, product, and reaction labels are already available for the current database view.",No immediate action for the pathway sketch; continue literature expansion only if a more complete route is needed.,
Mesotrione,Full-text re-download needed,0,Yes,0,25,,,,"Readable PDFs containing chromatograms, metabolite tables, pathway schemes, or product identification.","Replace placeholder or unreadable files with real PDFs, then screen for products/intermediates.",Adsorption_and_degradation_of_imazapic_in_soils_under_different_environmental_co.pdf | Aquatic_Macrophytes_in_the_Remediation_of_Atrazine_in_Water__A_Study_on_Herbicid.pdf | Atrazine__triketone_herbicides__and_their_degradation_products_in_sediment__soil.pdf | Bacillus_megaterium_strains_derived_from_water_and_soil_exhibit_differential_res.pdf
Metalaxyl,Full-text re-download needed,0,Yes,0,25,,,,"Readable PDFs containing chromatograms, metabolite tables, pathway schemes, or product identification.","Replace placeholder or unreadable files with real PDFs, then screen for products/intermediates.",A_review_on_WO_sub_3__sub__photocatalysis_used_for_wastewater_treatment_and_pest.pdf | Applying_the_Crystalline_Sponge_Method_to_Agrochemicals__Obtaining_X_ray_Structu.pdf | Characterizing_the_Mechanisms_of_Metalaxyl__Bronopol_and_Copper_Sulfate_against_.pdf | Conclusion_on_the_peer_review_of_the_pesticide_risk_assessment_of_the_active_sub.pdf
Methamidophos,Stepwise pathway integrated,1,Yes,0,19,,,,"Curated substrate, product, and reaction labels are already available for the current database view.",No immediate action for the pathway sketch; continue literature expansion only if a more complete route is needed.,A_Comprehensive_Review_of_Multifunctional_Nanozymes_for_Degradation_and_Detectio.pdf | Aflatoxin_B₁_degradation_by_a_Pseudomonas_strain_.pdf | Biodegradation_of_pesticide_in_agricultural_soil_employing_entomopathogenic_fung.pdf | Biodegradation_of_Uric_Acid_by__i_Bacillus_paramycoides__i__YC02_.pdf
Methomyl,Full-text re-download needed,0,Yes,0,31,,,,"Readable PDFs containing chromatograms, metabolite tables, pathway schemes, or product identification.","Replace placeholder or unreadable files with real PDFs, then screen for products/intermediates.",A_Critical_Review_on_Metal_Organic_Frameworks_and_Their_Composites_as_Advanced_M.pdf | An_outbreak_of_food_borne_illness_due_to_methomyl_pesticide_intoxication_in_Kore.pdf | Applying_molecular_oxygen_for_organic_pollutant_degradation__Strategies__mechani.pdf | Beneficial_effects_of_folic_acid_on_the_kidneys_and_testes_of_adult_albino_rats_.pdf
Oxamyl,Stepwise pathway integrated,1,Yes,0,21,,,,"Curated substrate, product, and reaction labels are already available for the current database view.",No immediate action for the pathway sketch; continue literature expansion only if a more complete route is needed.,Accelerated_degradation_of_fenamiphos_and_its_metabolites_in_soil_previously_tre.pdf | Carbamate_C_N_Hydrolase_Gene__i_ameH__i__Responsible_for_the_Detoxification_Step.pdf | Coating_Soybean_Seed_with_Oxamyl_for_Control_of_Heterodera_glycines_.pdf | Conserved_Metabolic_and_Evolutionary_Themes_in_Microbial_Degradation_of_Carbamat.pdf
Paraquat,Stepwise pathway integrated,2,Yes,1,196,,,,"Curated substrate, product, and reaction labels are already available for the current database view.",No immediate action for the pathway sketch; continue literature expansion only if a more complete route is needed.,_i_Bacilli___i_Mediated_Degradation_of_Xenobiotic_Compounds_and_Heavy_Metals_.pdf | _i_Ginkgo_biloba__i__L__Leaf_Extract_Protects_HepG2_Cells_Against_Paraquat_Induc.pdf | _lt_i_gt_Francisella_tularensis_lt__i_gt__universal_stress_protein_contributes_t.pdf | A_BaTiO_sub_3__sub__WS_sub_2__sub__composite_for_piezo_photocatalytic_persulfate.pdf
Parathion-Methyl,Stepwise pathway integrated,1,Yes,0,116,,,,"Curated substrate, product, and reaction labels are already available for the current database view.",No immediate action for the pathway sketch; continue literature expansion only if a more complete route is needed.,_i_Bacilli___i_Mediated_Degradation_of_Xenobiotic_Compounds_and_Heavy_Metals_.pdf | A_Comprehensive_Review_of_Multifunctional_Nanozymes_for_Degradation_and_Detectio.pdf | A_Critical_Review_on_Metal_Organic_Frameworks_and_Their_Composites_as_Advanced_M.pdf | A_Novel_Organophosphorus_Acid_Anhydrolase_from_Deep_Sea_Sediment_with_High_Degra.pdf
Pendimethalin,Stepwise pathway integrated,3,Yes,0,32,,,,"Curated substrate, product, and reaction labels are already available for the current database view.",No immediate action for the pathway sketch; continue literature expansion only if a more complete route is needed.,A_review_on_WO_sub_3__sub__photocatalysis_used_for_wastewater_treatment_and_pest.pdf | Assessment_of_the_ameliorative_effect_of_curcumin_on_pendimethalin_induced_genet.pdf | Azolla_pinnata_mitigates_pendimethalin_induced_immunotoxicity__oxidative_stress_.pdf | Causation_Analysis_and_Improvement_Strategy_for_Reduced_Pendimethalin_Herbicidal.pdf
Penthiopyrad,Needs stepwise product/intermediate screening (candidate papers available),0,Yes,12,0,"Dissipation, Residue and Dietary Intake Risk Assessment of Penthiopyrad in Eggplants and Its Removal Using Various Household Processing Techniques..pdf | Review of the existing maximum residue levels for penthiopyrad according to Article 12 of Regulation (EC) No 3962005..pdf | Simultaneous determination of penthiopyrad enantiomers and its metabolite in vegetables, fruits, and cereals using ultra-high performance liquid chromatography-tandem mass spectrometry..pdf | Comparative Biological Half-Life of Penthiopyrad and Tebufenpyrad in Angelica Leaves and Establishment of Pre-Harvest Residue Limits (PHRLs)..pdf | Dissipation, residue, stereoselectivity and dietary risk assessment of penthiopyrad and metabolite PAM on cucumber and tomato in greenhouse and field..pdf",10.3390/foods11213327; 10.3390/foods11213327/s1 | 10.2903/j.efsa; 10.2903/j.efsa.2012.2948; 10.2903/j.efsa.2013.3312; 10.2903/j.efsa.2014.3737 | 10.1002/jssc.202100446 | 10.3390/foods13111742 | 10.1002/ps.2287; 10.1007/BF02492120; 10.1016/j; 10.1016/j.agee.2021.107370,candidate_gene/enzyme_plus_pathway,"Substrate, product/intermediate, transformation type, gene/protein/enzyme if reported, organism, DOI/reference.",Screen the strongest papers for identified metabolites/products and convert supported reactions into pathway steps.,"Comparative Biological Half-Life of Penthiopyrad and Tebufenpyrad in Angelica Leaves and Establishment of Pre-Harvest Residue Limits (PHRLs)..pdf | Dissipation, Residue and Dietary Intake Risk Assessment of Penthiopyrad in Eggplants and Its Removal Using Various Household Processing Techniques..pdf | Dissipation, residue, stereoselectivity and dietary risk assessment of penthiopyrad and metabolite PAM on cucumber and tomato in greenhouse and field..pdf | Effect of microorganisms on degradation of fluopyram and tebuconazole in laboratory and field studies..pdf"
Permethrin,Stepwise pathway integrated,3,Yes,0,70,,,,"Curated substrate, product, and reaction labels are already available for the current database view.",No immediate action for the pathway sketch; continue literature expansion only if a more complete route is needed.,Acute_Exposure_to_Permethrin_Modulates_Behavioral_Functions__Redox__and_Bioenerg.pdf | Adult_Mosquito_and_Butterfly_Exposure_to_Permethrin_and_Relative_Risk_Following_.pdf | Bio_efficacy_of_aluminum_phosphide_and_cypermethrin_against_some_physiological_a.pdf | Changes_in_pest_infestation_levels__self_reported_pesticide_use__and_permethrin_.pdf
Phorate,Full-text re-download needed,0,Yes,0,12,,,,"Readable PDFs containing chromatograms, metabolite tables, pathway schemes, or product identification.","Replace placeholder or unreadable files with real PDFs, then screen for products/intermediates.",A_Comprehensive_Review_of_Multifunctional_Nanozymes_for_Degradation_and_Detectio.pdf | Biodegradation_of_two_organophosphorus_pesticides_in_whole_corn_silage_as_affect.pdf | Degradation_kinetics_and_physiological_studies_of_organophosphates_degrading_mic.pdf | Degradation_of_Pesticides_Using_Semiconducting_and_Tetrapyrrolic_Macrocyclic_Pho.pdf
Phosmet,Stepwise pathway integrated,4,Yes,17,0,"Heterogeneous reaction of suspended phosmet particles with NO3 radicals..pdf | Photolysis experiments on phosmet, an organophosphorus insecticide..pdf | Microbial degradation of phosmet on blueberry fruit and in aqueous systems by indigenous bacterial flora on lowbush blueberries (Vaccinium angustifolium)..pdf | Evaluation of chemical and photochemical oxidation processes for degradation of phosmet on lowbush blueberries (Vaccinium angustifolium)..pdf | Toxicity and biochemical responses induced by phosmet in rainbow trout (iOncorhynchus mykissi)..pdf",10.1021/jp205175p | 10.1021/jf034253y | 10.1111/j.1750-3841.2007.00466.x | 10.1021/jf0616210 | 10.1002/etc.5620200104; 10.1016/0003-2697(79)90738-3; 10.1016/0003-9861(59)90090-6; 10.1016/0006-2952(61)90145-9,candidate_gene/enzyme_plus_pathway,"Curated substrate, product, and reaction labels are already available for the current database view.",No immediate action for the pathway sketch; continue literature expansion only if a more complete route is needed.,An efficient catalytic degradation of trichloroethene in a percarbonate system catalyzed by ultra-fine heterogeneous zeolite supported zero valent iron-nickel bimetallic composite..pdf | Elucidating the kinetics and mechanisms of tetramethrin biodegradation by the fungal strain Neocosmospora sp. AF3.pdf | Evaluation of chemical and photochemical oxidation processes for degradation of phosmet on lowbush blueberries (Vaccinium angustifolium)..pdf | Heterogeneous reaction of suspended phosmet particles with NO3 radicals..pdf
Phosphonic acid,Full-text re-download needed,0,Yes,0,96,,,,"Readable PDFs containing chromatograms, metabolite tables, pathway schemes, or product identification.","Replace placeholder or unreadable files with real PDFs, then screen for products/intermediates.",1__Acylamino_alkylphosphonic_Acids_Alkaline_Deacylation_.pdf | _2_Aminobenzothiazole__Methyl_1_1_Bisphosphonic_Acids__Targeting_Matrix_Metallop.pdf | A_Miniaturized_Method_for_Evaluating_the_Dynamic_Gas_Phase_Adsorption_and_Degrad.pdf | A_phosphonate_induced_gene_which_promotes_Penicillium_mediated_bioconversion_of_.pdf
Pinoxaden,Needs stepwise product/intermediate screening (candidate papers available),0,Yes,6,0,"Degradation Characteristics of Pinoxaden by Acinetobacter and Prediction of Related Genes.pdf | Review of the existing maximum residue levels for pinoxaden according to Article 12 of Regulation (EC) No 3962005..pdf | Aryldiones incorporating a [1,4,5]oxadiazepane ring. Part 2 chemistry and biology of the cereal herbicide pinoxaden..pdf",10.21203/rs.3.rs-1375498/v1 | 10.2903/j.efsa.2013; 10.2903/j.efsa.2018.5147; 10.2903/j.efsa.2021.6503; 10.2903/sp.efsa.2019.en-1605 | 10.1002/ps.2204,candidate_gene/enzyme_plus_pathway,"Substrate, product/intermediate, transformation type, gene/protein/enzyme if reported, organism, DOI/reference.",Screen the strongest papers for identified metabolites/products and convert supported reactions into pathway steps.,"Aryldiones incorporating a [1,4,5]oxadiazepane ring. Part 2 chemistry and biology of the cereal herbicide pinoxaden..pdf | Degradation Characteristics of Pinoxaden by Acinetobacter and Prediction of Related Genes.pdf | Growth Stage of Alopecurus myosuroides Huds. Determines the Efficacy of Pinoxaden.pdf | Mechanism for the inhibition of the carboxyltransferase domain of acetyl-coenzyme A carboxylase by pinoxaden..pdf"
Pirimiphos-Methyl,Full-text re-download needed,0,Yes,0,13,,,,"Readable PDFs containing chromatograms, metabolite tables, pathway schemes, or product identification.","Replace placeholder or unreadable files with real PDFs, then screen for products/intermediates.",_Quasi__Binomial_vs__Gaussian_Models_to_Evaluate_Thiamethoxam__Pirimiphos_Methyl.pdf | A_Comprehensive_Review_of_Multifunctional_Nanozymes_for_Degradation_and_Detectio.pdf | Characteristics_of_Aflatoxin_B_sub_1__sub__Degradation_by__i_Stenotrophomonas_ac.pdf | Contribution_of_insect_gut_microbiota_and_their_associated_enzymes_in_insect_phy.pdf
Prochloraz,Full-text re-download needed,0,Yes,0,25,,,,"Readable PDFs containing chromatograms, metabolite tables, pathway schemes, or product identification.","Replace placeholder or unreadable files with real PDFs, then screen for products/intermediates.",_i_Bacilli___i_Mediated_Degradation_of_Xenobiotic_Compounds_and_Heavy_Metals_.pdf | Degradation_dynamics_and_dissipation_kinetics_of_an_imidazole_fungicide__Prochlo.pdf | Dissipation_and_Dietary_Risk_Assessment_of_Prochloraz_in_Strawberries_under_Gree.pdf | Dissipation_and_Distribution_of_Prochloraz_in_Bananas_and_a_Risk_Assessment_of_I.pdf
Profenofos,Full-text re-download needed,0,Yes,0,24,,,,"Readable PDFs containing chromatograms, metabolite tables, pathway schemes, or product identification.","Replace placeholder or unreadable files with real PDFs, then screen for products/intermediates.",_i_Bacilli___i_Mediated_Degradation_of_Xenobiotic_Compounds_and_Heavy_Metals_.pdf | A_Comprehensive_Review_of_Multifunctional_Nanozymes_for_Degradation_and_Detectio.pdf | Abiotic_Degradation_of_the_Toxin_Simplexin_by_Soil_Collected_from_a__lt_i_gt_Pim.pdf | Aerobic_dichlorvos_degradation_by__i_Pseudomonas_stutzeri__i__smk__complete_path.pdf
Propamocarb,Needs stepwise product/intermediate screening (candidate papers available),0,Yes,11,0,"Analysis of genes and metabolites associated with propamocarb hydrochloride response in tobacco.pdf | Biodegradation of soil-applied pesticides by selected strains of plant growth-promoting rhizobacteria (PGPR) and their effects on bacterial growth..pdf | Expression and functional analysis of the Propamocarb-related gene CsDIR16 in cucumbers..pdf | Overexpression of CsHMGB Alleviates Phytotoxicity and Propamocarb Residues in Cucumber.pdf | Microbial degradation of the carbamate pesticides desmedipham, phenmedipham, promecarb, and propamocarb..pdf",10.1002/agj2.20368; 10.1007/s00128-012-0703-y; 10.1007/s00726-010-0525-3; 10.1007/s11120-012 | 10.1007/s10532-011-9509-6 | 10.1186/s12870-018-1236-2; 10.4236/ajac.2011.228120; 10.5812/bhs.45306 | 10.1007/978-3-319-74057-7_7; 10.1007/BF00386001; 10.1007/bf01415704; 10.1007/s00018-007-7162-3,candidate_gene/enzyme_plus_pathway,"Substrate, product/intermediate, transformation type, gene/protein/enzyme if reported, organism, DOI/reference.",Screen the strongest papers for identified metabolites/products and convert supported reactions into pathway steps.,"Analysis of genes and metabolites associated with propamocarb hydrochloride response in tobacco.pdf | Biodegradation of soil-applied pesticides by selected strains of plant growth-promoting rhizobacteria (PGPR) and their effects on bacterial growth..pdf | Degradation of propamocarb-hydrochloride in tomatoes, potatoes and cucumber using HPLC-DAD and QuEChERS methodology..pdf | Expression and functional analysis of the Propamocarb-related gene CsDIR16 in cucumbers..pdf"
Propargite,Needs stepwise product/intermediate screening (candidate papers available),0,Yes,4,0,"Biodegradation of propargite by Pseudomonas putida, isolated from tea rhizosphere..pdf | Calculation of pesticide degradation in decaying cotton gin trash..pdf | Setting of maximum residue limits for propargite in citrus fruits and tea..pdf",10.1016/j.jhazmat.2009.09.050 | 10.2903/j.efsa.2007.32r; 10.2903/j.efsa.2011.2087; 10.2903/j.efsa.2013.3350; 10.2903/j.efsa.2018.5193,candidate_gene/enzyme_plus_pathway,"Substrate, product/intermediate, transformation type, gene/protein/enzyme if reported, organism, DOI/reference.",Screen the strongest papers for identified metabolites/products and convert supported reactions into pathway steps.,"Biodegradation of propargite by Pseudomonas putida, isolated from tea rhizosphere..pdf | Calculation of pesticide degradation in decaying cotton gin trash..pdf | Effect of storage, washing, and cooking on the stability of five pesticides in edible fungi of Agaricus bisporus A degradation kinetic stud.pdf | Setting of maximum residue limits for propargite in citrus fruits and tea..pdf"
Propiconazole,Stepwise pathway integrated,3,Yes,0,18,,,,"Curated substrate, product, and reaction labels are already available for the current database view.",No immediate action for the pathway sketch; continue literature expansion only if a more complete route is needed.,A_Non_redundant_Function_of_MNS5__A_Class_I_α_1__2_Mannosidase__in_the_Regulatio.pdf | Biodegradation_mechanism_of_1H_1_2_4_triazole_by_a_newly_isolated_strain_Shinell.pdf | Biodegradation_of_propiconazole_by_newly_isolated_Burkholderia_sp__strain_BBK_9_.pdf | Degradation_Dynamics_and_Residue_Analysis_of_Four_Propiconazole_Stereoisomers_in.pdf
Propoxur,PDF folder missing,0,No,0,0,,,,Full-text paper PDFs or reliable source files with degradation products/intermediates.,Create or locate the pesticide PDF folder before pathway curation.,
Propylene oxide,Full-text re-download needed,0,Yes,0,172,,,,"Readable PDFs containing chromatograms, metabolite tables, pathway schemes, or product identification.","Replace placeholder or unreadable files with real PDFs, then screen for products/intermediates.",_Core_Shell__Nanocomposites_as_Photocatalysts_for_the_Degradation_of_the_Water_P.pdf | _i_Bacilli___i_Mediated_Degradation_of_Xenobiotic_Compounds_and_Heavy_Metals_.pdf | _i_Garcinia_cambogia__i__attenuates_adipogenesis_by_affecting_CEBPB_and_SQSTM1_p.pdf | A_multiple_Kirkendall_strategy_for_converting_nanosized_zero_valent_iron_to_high.pdf
Prothioconazole,Full-text re-download needed,0,Yes,0,9,,,,"Readable PDFs containing chromatograms, metabolite tables, pathway schemes, or product identification.","Replace placeholder or unreadable files with real PDFs, then screen for products/intermediates.",Changed_degradation_behavior_of_pesticides_when_present_in_mixtures_.pdf | Degradation_pathway_of_triazole_fungicides_and_synchronous_removal_of_transforma.pdf | Effect_of_novel_botanical_synergist_on_the_effectiveness_and_residue_behavior_of.pdf | Effective_and_Sustained_Control_of_Soil_Borne_Plant_Diseases_by_Biodegradable_Po.pdf
Pymetrozine,Stepwise pathway integrated,4,Yes,16,0,"A novel hydrolase PyzH catalyses the cleavage of C=N double bond for pymetrozine degradation in Pseudomonas sp. BYT-1..pdf | Isolation and Characterization of the Pymetrozine-Degrading Strain Pseudomonas sp. BYT-1..pdf | Residue Behavior of Methoxyfenozide and Pymetrozine in Chinese Cabbage and Their Health Risk Assessment..pdf | Kinetic study of the degradation of the insecticide pymetrozine in a vegetable-field ecosystem..pdf | Degradation of cyprodinil, fludioxonil, cyfluthrin and pymetrozine on lettuce after different application methods..pdf",10.1111/1462-2920.15557 | 10.1021/acs.jafc.8b06155; 10.1038/d41586-018-04987-4 | 10.3390/foods11192995; 10.3390/foods11192995/s1 | 10.1016/j.jhazmat.2008.08.020 | 10.1080/03601230701549271,candidate_gene/enzyme_plus_pathway,"Curated substrate, product, and reaction labels are already available for the current database view.",No immediate action for the pathway sketch; continue literature expansion only if a more complete route is needed.,"A novel hydrolase PyzH catalyses the cleavage of C=N double bond for pymetrozine degradation in Pseudomonas sp. BYT-1..pdf | Acute Toxicity of an Emerging Insecticide Pymetrozine to Procambarus clarkii Associated with Rice-Crayfish Culture (RCIS)..pdf | Degradation of cyprodinil, fludioxonil, cyfluthrin and pymetrozine on lettuce after different application methods..pdf | Development and evaluation of pymetrozine controlled-release formulation to control paddy planthopper..pdf"
Pyraclostrobin,Stepwise pathway integrated,1,Yes,0,26,,,,"Curated substrate, product, and reaction labels are already available for the current database view.",No immediate action for the pathway sketch; continue literature expansion only if a more complete route is needed.,An_Overview_of_Strobilurin_Fungicide_Degradation_Current_Status_and_Future_Persp.pdf | Contribution_of_insect_gut_microbiota_and_their_associated_enzymes_in_insect_phy.pdf | Detoxification_Esterase_StrH_Initiates_Strobilurin_Fungicide_Degradation_in__i_H.pdf | Dissipation__Residue_and_Human_Dietary_Risk_Assessment_of_Pyraclostrobin_and_Cya.pdf
Pyrimethanil,Full-text re-download needed,0,Yes,0,16,,,,"Readable PDFs containing chromatograms, metabolite tables, pathway schemes, or product identification.","Replace placeholder or unreadable files with real PDFs, then screen for products/intermediates.",Adsorption_and_Photocatalytic_Degradation_of_Pesticides_into_Nanocomposites__A_R.pdf | Biomarkers_of_Exposure_to_Pyrimethanil_After_Controlled_Human_Experiments_.pdf | Changes_to_Soil_Microbiome_Resulting_from_Synergetic_Effects_of_Fungistatic_Comp.pdf | Conditions_Optimizing_and_Application_of_Laccase_mediator_System__LMS__for_the_L.pdf
Quinclorac,Full-text re-download needed,0,Yes,0,13,,,,"Readable PDFs containing chromatograms, metabolite tables, pathway schemes, or product identification.","Replace placeholder or unreadable files with real PDFs, then screen for products/intermediates.",_i_Bacilli___i_Mediated_Degradation_of_Xenobiotic_Compounds_and_Heavy_Metals_.pdf | Biodegradation_of_diuron_by_an_endophytic_fungus_Neurospora_intermedia_DP8_1_iso.pdf | Combined_effects_of_micropollutants_and_their_degradation_on_prokaryotic_communi.pdf | Complementary_RNA_Sequencing_Based_Transcriptomics_and_iTRAQ_Proteomics_Reveal_t.pdf
Quintozene,Stepwise pathway integrated,10,Yes,6,0,,,,"Curated substrate, product, and reaction labels are already available for the current database view.",No immediate action for the pathway sketch; continue literature expansion only if a more complete route is needed.,Abiotic degradation of pentachloronitrobenzene by Fe(III) reactions on goethite and iron oxide nanoparticles..pdf | Application of gamma irradiation in ginseng for both photodegradation of pesticide pentachloronitrobenzene and microbial decontamination..pdf | Bioaccumulation and degradation of pentachloronitrobenzene in Medicago sativa..pdf | Biodegradation of pentachloronitrobenzene by Arthrobacter nicotianae DH19..pdf
Spirodiclofen,Stepwise pathway integrated,1,Yes,7,0,"In vitro metabolism of tebuconazole, flurtamone, fenhexamid, metalaxyl-M and spirodiclofen in Cannabis sativa L. (hemp) callus cultures..pdf | Review of the existing maximum residue levels for spirodiclofen according to Article 12 of Regulation (EC) No 3962005..pdf | Enhanced degradation of spiro-insecticides and their leacher enol derivatives in soil by solarization and biosolarization techniques..pdf | Terminal Residues and Risk Assessment of Spiromesifen and Spirodiclofen in Tomato Fruits..pdf | Dissipation Kinetics and Risk Assessment of Spirodiclofen and Tebufenpyrad in iAster scaberi Thunb..pdf",10.1002/ps.6307; 10.1002/ps.6575; 10.1787/9789264061835-en | 10.2903/j.efsa.2010.1560; 10.2903/j.efsa.2015; 10.2903/j.efsa.2016.4457; 10.2903/j.efsa.2018.5147 | 10.1007/s11356-017-8589-1 | 10.3390/plants12071493 | 10.3390/foods12020242,candidate_gene/enzyme_plus_pathway | candidate_pathway/metabolite,"Curated substrate, product, and reaction labels are already available for the current database view.",No immediate action for the pathway sketch; continue literature expansion only if a more complete route is needed.,"Dissipation Kinetics and Risk Assessment of Spirodiclofen and Tebufenpyrad in iAster scaberi Thunb..pdf | Enhanced degradation of spiro-insecticides and their leacher enol derivatives in soil by solarization and biosolarization techniques..pdf | In vitro metabolism of tebuconazole, flurtamone, fenhexamid, metalaxyl-M and spirodiclofen in Cannabis sativa L. (hemp) callus cultures..pdf | Pesticide degradation capacity of a novel strain belonging toiSerratia sarumaniii(GBS19) with its genomic profile.pdf"
Sulfoxaflor,Stepwise pathway integrated,1,Yes,0,18,,,,"Curated substrate, product, and reaction labels are already available for the current database view.",No immediate action for the pathway sketch; continue literature expansion only if a more complete route is needed.,Contribution_of_insect_gut_microbiota_and_their_associated_enzymes_in_insect_phy.pdf | Differences_in_the_Sublethal_Effects_of_Sulfoxaflor_and_Acetamiprid_on_the__i_Ap.pdf | Efficient_Biodegradation_of_the_Neonicotinoid_Insecticide_Flonicamid_by_Pseudami.pdf | Impact_of_Sulfoxaflor_on_Brown_Marmorated_Stink_Bug__Developmental_and_Reproduct.pdf
Tebuconazole,Full-text re-download needed,0,Yes,0,24,,,,"Readable PDFs containing chromatograms, metabolite tables, pathway schemes, or product identification.","Replace placeholder or unreadable files with real PDFs, then screen for products/intermediates.",Attenuation_of_toxicity_and_occurrence_of_degradation_products_of_the_fungicide_.pdf | Degradation_dynamics_and_dissipation_kinetics_of_an_imidazole_fungicide__Prochlo.pdf | Degradation_of_Pesticides_Using_Semiconducting_and_Tetrapyrrolic_Macrocyclic_Pho.pdf | Dissipation_Kinetics_and_Risk_Assessment_of_Diniconazole__Dinotefuran__Metconazo.pdf
Teflubenzuron,Stepwise pathway integrated,4,Yes,6,0,Transformation of the insecticide teflubenzuron by microorganisms..pdf | Identification of molecular interactions of pesticides with keratinase for their potential to inhibit keratin biodegradation..pdf | Persistence and Stability of Teflubenzuron and Diflubenzuron When Associated to Organic Particles in Marine Sediment..pdf | Chitin Synthesis and Degradation in Crustaceans A Genomic View and Application..pdf,10.1081/PFC-100106185 | 10.1007/s40203-024-00229-w | 10.1007/s00128-015-1707-1 | 10.3390/md19030153,candidate_gene/enzyme_plus_pathway,"Curated substrate, product, and reaction labels are already available for the current database view.",No immediate action for the pathway sketch; continue literature expansion only if a more complete route is needed.,A broad-spectrum analysis of the effects of teflubenzuron exposure on the biochemical activities and microbial community structure of soil..pdf | Chitin Synthesis and Degradation in Crustaceans A Genomic View and Application..pdf | Environmental Impact of Xenobiotic Aromatic Compounds and Their Biodegradation Potential in iComamonas testosteronii..pdf | Identification of molecular interactions of pesticides with keratinase for their potential to inhibit keratin biodegradation..pdf
Thiabendazole,Full-text re-download needed,0,Yes,0,24,,,,"Readable PDFs containing chromatograms, metabolite tables, pathway schemes, or product identification.","Replace placeholder or unreadable files with real PDFs, then screen for products/intermediates.",Characterization_of_Acetamiprid_Biodegradation_by_the_Microbial_Consortium_ACE_3.pdf | Comparative_Degradation_of_a_Thiazole_Pollutant_by_an_Advanced_Oxidation_Process.pdf | Cyclins_A_and_B_associate_with_chromatin_and_the_polar_regions_of_spindles__resp.pdf | Efficient_Degradation_of_2_Mercaptobenzothiazole_and_Other_Emerging_Pollutants_b.pdf
Thiacloprid,Full-text re-download needed,0,Yes,0,25,,,,"Readable PDFs containing chromatograms, metabolite tables, pathway schemes, or product identification.","Replace placeholder or unreadable files with real PDFs, then screen for products/intermediates.",_i_Myzus_persicae__i__Management_through_Combined_Use_of_Beneficial_Insects_and_.pdf | A_Mechanistic_Approach_Toward_Enhanced_Remediation_Potential_of_Thiacloprid_by_Z.pdf | A_review_on_WO_sub_3__sub__photocatalysis_used_for_wastewater_treatment_and_pest.pdf | Application_of_Fe_MOFs_in_Photodegradation_and_Removal_of_Air_and_Water_Pollutan.pdf
Thiamethoxam,Stepwise pathway integrated,2,Yes,150,0,"Influence of the neonicotinoid insecticide thiamethoxam on soil bacterial community composition and metabolic function..pdf | Reduced bacterial network complexity in agricultural soils after application of the neonicotinoid insecticide thiamethoxam..pdf | Biodegradation of the neonicotinoid insecticide thiamethoxam by the nitrogen-fixing and plant-growth-promoting rhizobacterium Ensifer adhaerens strain TMX-23..pdf | Effects on soil microbial community after exposure to neonicotinoid insecticides thiamethoxam and dinotefuran..pdf | Assessing the toxicity of thiamethoxam, in natural LUFA 2.2 soil, through three generations of Folsomia candida..pdf",10.1016/j.jhazmat.2020.124275 | 10.1016/j.envpol.2021.116540 | 10.1007/s00253-012-4638-3 | 10.1016/j.scitotenv.2020.138328 | 10.1007/s10646-017; 10.1007/s10646-017-1765-8; 10.1007/s10646-018-1922-8; 10.1007/s11356-014,candidate_gene/enzyme_plus_pathway,"Curated substrate, product, and reaction labels are already available for the current database view.",No immediate action for the pathway sketch; continue literature expansion only if a more complete route is needed.,"(Quasi)-Binomial vs. Gaussian Models to Evaluate Thiamethoxam, Pirimiphos-Methyl, Alpha-Cypermethrin and Deltamethrin on Different Types of Storage Bag Materials Against Ephestia kuehniella Zeller (Lepidoptera Pyralidae) an.pdf | A BaTiO3WS2 composite for piezo-photocatalytic.pdf | A common neonicotinoid pesticide, thiamethoxam, alters honey bee activity, motor functions, and movement to light..pdf | A common neonicotinoid pesticide, thiamethoxam, impairs honey bee flight ability..pdf"
Thiophanate-Methyl,Stepwise pathway integrated,3,Yes,17,0,Substrate sterilization with thiophanate-methyl and its biodegradation to carbendazim in oyster mushroom (Pleurotus ostreatus var. florida)..pdf | Self-assembled thiophanate-methylstar polycation complex prevents plant cell-wall penetration and fungal carbon utilization during cotton infection by Verticillium dahliae..pdf | Characterization of the ultraviolet-visible photoproducts of thiophanate-methyl using high performance liquid chromatography coupled with high resolution tandem mass spectrometry-Detection in grapes and tomatoes..pdf | Peer review of the pesticide risk assessment of the active substance thiophanate-methyl..pdf | Simultaneous determination of thiophanate-methyl and its metabolite carbendazim in tea using isotope dilution ultra performance liquid chromatography-tandem mass spectrometry..pdf,10.1002/fsn3.328; 10.1002/ps.759; 10.1007/s11356-019-07050-5; 10.1016/j.sjbs.2016 | 10.1016/j.ijbiomac.2023.124354 | 10.1016/j.chroma.2016.02; 10.1016/j.chroma.2016.02.078 | 10.1016/j.foodcont.2014.03.003; 10.2903/j.efsa.2008.622; 10.2903/j.efsa.2009.1438; 10.2903/j.efsa.2010 | 10.1007/s00216-013-6901-6; 10.1093/chromsci/bmt165,candidate_gene/enzyme_plus_pathway,"Curated substrate, product, and reaction labels are already available for the current database view.",No immediate action for the pathway sketch; continue literature expansion only if a more complete route is needed.,A Novel Cu2OZnO@PET Composite Membrane for the Photocatalytic Degradation of Carbendazim.pdf | Biodegradation kinetics of the benzimidazole fungicide thiophanate-methyl by bacteria isolated from loamy sand soil..pdf | Biodegradation of carbendazim by a potent novel Chryseobacterium sp. JAS14 and plant growth promoting Aeromonas caviae JAS15 with subsequent toxicity analysis.pdf | Changed degradation behavior of pesticides when present in mixtures..pdf
Triazophos,Stepwise pathway integrated,5,Yes,44,0,"Cloning, expression and mutation of a triazophos hydrolase gene from Burkholderia sp. SZL-1..pdf | Identification of the biochemical degradation pathway of triazophos and its intermediate in Diaphorobacter sp. TPD-1.pdf | Isolation, identification and characterization of a novel triazophos-degrading Bacillus sp. (TAP-1)..pdf | Minute-Speed Biodegradation of Organophosphorus Insecticides by Cupriavidus nantongensis X1T.pdf | An alkaline phosphatase from Bacillus amyloliquefaciens YP6 of new application in biodegradation of five broad-spectrum organophosphorus pesticides..pdf",10.1007/s00284-010-9746-7; 10.1007/s00284-010-9859-z | 10.1016/j.micres.2011.10.004 | 10.1021/acs.jafc.9b06157 | 10.1002/jobm.201500336; 10.1007/BF02932098; 10.1007/s00253-010-2807-9; 10.1007/s10529-007-9444-0,candidate_gene/enzyme_plus_pathway,"Curated substrate, product, and reaction labels are already available for the current database view.",No immediate action for the pathway sketch; continue literature expansion only if a more complete route is needed.,"A Comprehensive Review of Multifunctional Nanozymes for Degradation and Detection of Organophosphorus Pesticides in the Environment..pdf | A review on WO3 photocatalysis used for wastewater treatment and pesticide degradation.pdf | A sensitive fluorometric bio-barcodes immunoassay for detection of triazophos residue in agricultural products and water samples by iterative cycles of DNA-RNA hybridization and dissociation of fluorophores by Ribonuclease.pdf | Adsorption and degradation of triazophos, chlorpyrifos and their main hydrolytic metabolites in paddy soil from Chaohu Lake, China..pdf"
Trifloxystrobin,Stepwise pathway integrated,1,Yes,24,0,"Modification of the existing maximum residue levels and setting of import tolerances for trifloxystrobin in various crops (2).pdf | Potential aquatic environmental risks of trifloxystrobin Enhancement of virus susceptibility in zebrafish through initiation of autophagy..pdf | Trifloxystrobin-induced mitophagy through mitochondrial damage in human skin keratinocytes..pdf | Simultaneous determination of trifloxystrobin and trifloxystrobin acid residue in rice and soil by a modified quick, easy, cheap, effective, rugged, and safe method using ultra high performance liquid chromatography with ta.pdf | Effect of intermittent water flow on biodegradation of organic micropollutants in the hyporheic zone..pdf",10.3390/foods14101745; 10.3390/foods14101745/s1 | 10.24272/j.issn.2095-8137.2021.056 | 10.1002/jssc.201400157 | 10.1002/1099-1646(200009/10; 10.1002/elsc.200620130; 10.1007/s00044-020-02507-6; 10.1007/s00253-004,candidate_gene/enzyme_plus_pathway,"Curated substrate, product, and reaction labels are already available for the current database view.",No immediate action for the pathway sketch; continue literature expansion only if a more complete route is needed.,An Overview of Strobilurin Fungicide DegradationCurrent Status and Future Perspective..pdf | Determination of trifloxystrobin and its metabolites in Hawaii soils by ASE-LC-MSMS.pdf | Detoxification Esterase StrH Initiates Strobilurin Fungicide Degradation in iHyphomicrobiumi sp. Strain DY-1..pdf | Effect of intermittent water flow on biodegradation of organic micropollutants in the hyporheic zone..pdf
Vinclozolin,Stepwise pathway integrated,6,Yes,29,0,"Effect of Pesticide Vinclozolin Toxicity Exposure on Cardiac Oxidative Stress and Myocardial Damage..pdf | Chronic Exposure to Endocrine Disruptor Vinclozolin Leads to Lung Damage via Nrf2-Nf-kb Pathway Alterations..pdf | Microbial biodegradation and toxicity of vinclozolin and its toxic metabolite 3,5-dichloroaniline..pdf | Vinclozolin alters the expression of hormonal and stress genes in the midge Chironomus riparius..pdf | Chemical and biological transformation of the fungicide vinclozolin..pdf",10.3390/toxics11060473 | 10.3390/ijms231911320; 10.3390/ijms231911320/s1 | 10.1016/j.aquatox.2016.03.001,candidate_gene/enzyme_plus_pathway,"Curated substrate, product, and reaction labels are already available for the current database view.",No immediate action for the pathway sketch; continue literature expansion only if a more complete route is needed.,Alterations in the developing testis transcriptome following embryonic vinclozolin exposure..pdf | Bacterial degradation of monocyclic aromatic amines..pdf | Biodegradation of propiconazole by newly isolated Burkholderia sp. strain BBK_9..pdf | Chemical and biological transformation of the fungicide vinclozolin..pdf
