id,name,role,cas_number,pubchem_cid,smiles,inchikey,pubchem_url,structure_image_url,structure_status,description
146,"(3,5-dichlorophenylurea) acetic acid",METABOLITE,,,,,,,no_single_structure_assigned,"No single SMILES/structure is assigned because this entry represents a mixture, grouped pathway products, or an unresolved transformation-product label rather than one discrete compound."
30,(E)-1-formyl-2-phenyldiazene,METABOLITE,,13955506,C1=CC=C(C=C1)N=NC=O,ZLDVXJIQNDSWPK-UHFFFAOYSA-N,https://pubchem.ncbi.nlm.nih.gov/compound/13955506,https://pubchem.ncbi.nlm.nih.gov/rest/pug/compound/cid/13955506/PNG,structure_available,
163,"1,2-Benzenedicarboxylic acid",METABOLITE,,1017,C1=CC=C(C(=C1)C(=O)O)C(=O)O,XNGIFLGASWRNHJ-UHFFFAOYSA-N,https://pubchem.ncbi.nlm.nih.gov/compound/1017,https://pubchem.ncbi.nlm.nih.gov/rest/pug/compound/cid/1017/PNG,structure_available,
175,"1,2-benzenedicarboxylic butyl dacyl ester",METABOLITE,,,,,,,no_single_structure_assigned,"No single SMILES/structure is assigned because this entry represents a mixture, grouped pathway products, or an unresolved transformation-product label rather than one discrete compound."
196,"1,2-dimethyl-3,5-dinitro-4-N(buta-1,3-dien-2-yl)-dinitrobenzenamine-N-oxide",METABOLITE,,,,,,,no_single_structure_assigned,"No single SMILES/structure is assigned because this entry represents a mixture, grouped pathway products, or an unresolved transformation-product label rather than one discrete compound."
197,"1,2-dimethyl-3,5-dinitro-4-N(prop-1-en-2-yl)-dinitrobenzenamine-N-oxide",METABOLITE,,,,,,,no_single_structure_assigned,"No single SMILES/structure is assigned because this entry represents a mixture, grouped pathway products, or an unresolved transformation-product label rather than one discrete compound."
44,"1,3-bis(2,4-difluoro-3,5-dichlorophenyl)urea",METABOLITE,,,,,,,no_single_structure_assigned,"No single SMILES/structure is assigned because this entry represents a mixture, grouped pathway products, or an unresolved transformation-product label rather than one discrete compound."
1,"1,4-Dimethylnaphthalene",PESTICIDE,571-58-4,11304,CC1=CC=C(C2=CC=CC=C12)C,APQSQLNWAIULLK-UHFFFAOYSA-N,https://pubchem.ncbi.nlm.nih.gov/compound/11304,https://pubchem.ncbi.nlm.nih.gov/rest/pug/compound/cid/11304/PNG,structure_available,"Parent pesticide/sprout inhibitor. Current microbial-degradation curation supports disappearance of the parent compound, but no confirmed 1,4-DMN metabolite pathway has been resolved in the imported batch."
177,"1-(2,4-dichlorophenyl)-2-(1H-1,2,4-triazol-1-yl) ethanone",METABOLITE,,739374,C1=CC(=C(C=C1Cl)Cl)C(=O)CN2C=NC=N2,XOHMICFWUQPTNP-UHFFFAOYSA-N,https://pubchem.ncbi.nlm.nih.gov/compound/739374,https://pubchem.ncbi.nlm.nih.gov/rest/pug/compound/cid/739374/PNG,structure_available,
178,"1-[2-(4-chlorophenyl)ethyl]-1H-1,2,4-triazole",METABOLITE,,,,,,,no_single_structure_assigned,"No single SMILES/structure is assigned because this entry represents a mixture, grouped pathway products, or an unresolved transformation-product label rather than one discrete compound."
179,"1-ethyl-1H-1,2,4-triazole",METABOLITE,,519305,CCN1C=NC=N1,FEOIYPLRWRCSMS-UHFFFAOYSA-N,https://pubchem.ncbi.nlm.nih.gov/compound/519305,https://pubchem.ncbi.nlm.nih.gov/rest/pug/compound/cid/519305/PNG,structure_available,
135,1-naphthol,METABOLITE,,7005,C1=CC=C2C(=C1)C=CC=C2O,KJCVRFUGPWSIIH-UHFFFAOYSA-N,https://pubchem.ncbi.nlm.nih.gov/compound/7005,https://pubchem.ncbi.nlm.nih.gov/rest/pug/compound/cid/7005/PNG,structure_available,
29,"1-phenyl-3-hydroxy-1,2,4-triazole (PHT)",METABOLITE,,77910,C1=CC=C(C=C1)N2C=NC(=O)N2,QCDMYEHBRNFUQG-UHFFFAOYSA-N,https://pubchem.ncbi.nlm.nih.gov/compound/77910,https://pubchem.ncbi.nlm.nih.gov/rest/pug/compound/cid/77910/PNG,structure_available,
28,"1-phenyl-3-hydroxy-1,2,4-triazole (PHT) + O,O-diethyl phosphorothioic acid",METABOLITE,,,,,,,no_single_structure_assigned,"No single SMILES/structure is assigned because this entry represents a mixture, grouped pathway products, or an unresolved transformation-product label rather than one discrete compound."
91,"2,3,4,5,6-pentachloroaniline",METABOLITE,,10693,C1(=C(C(=C(C(=C1Cl)Cl)Cl)Cl)Cl)N,KHCZSJXTDDHLGJ-UHFFFAOYSA-N,https://pubchem.ncbi.nlm.nih.gov/compound/10693,https://pubchem.ncbi.nlm.nih.gov/rest/pug/compound/cid/10693/PNG,structure_available,
97,"2,3,4,5-tetrachloroaniline",METABOLITE,,12466,C1=C(C(=C(C(=C1Cl)Cl)Cl)Cl)N,GBKZRUCVLTWAML-UHFFFAOYSA-N,https://pubchem.ncbi.nlm.nih.gov/compound/12466,https://pubchem.ncbi.nlm.nih.gov/rest/pug/compound/cid/12466/PNG,structure_available,
96,"2,3,5,6-tetrachloroaniline",METABOLITE,,18998,C1=C(C(=C(C(=C1Cl)Cl)N)Cl)Cl,YTDHEFNWWHSXSU-UHFFFAOYSA-N,https://pubchem.ncbi.nlm.nih.gov/compound/18998,https://pubchem.ncbi.nlm.nih.gov/rest/pug/compound/cid/18998/PNG,structure_available,
50,"2,3-Dihydroxybiphenyl",METABOLITE,,254,C1=CC=C(C=C1)C2=C(C(=CC=C2)O)O,YKOQAAJBYBTSBS-UHFFFAOYSA-N,https://pubchem.ncbi.nlm.nih.gov/compound/254,https://pubchem.ncbi.nlm.nih.gov/rest/pug/compound/cid/254/PNG,structure_available,
103,"2,4-D",PESTICIDE,,1486,C1=CC(=C(C=C1Cl)Cl)OCC(=O)O,OVSKIKFHRZPJSS-UHFFFAOYSA-N,https://pubchem.ncbi.nlm.nih.gov/compound/1486,https://pubchem.ncbi.nlm.nih.gov/rest/pug/compound/cid/1486/PNG,structure_available,
106,"2,4-dichloro-cis,cis-muconate",METABOLITE,,5280635,C(=C(\C=C(/C(=O)O)\Cl)/Cl)\C(=O)O,FHXOPKKNGKBBKG-DXLKSGPOSA-N,https://pubchem.ncbi.nlm.nih.gov/compound/5280635,https://pubchem.ncbi.nlm.nih.gov/rest/pug/compound/cid/5280635/PNG,structure_available,
104,"2,4-dichlorophenol",METABOLITE,,8449,C1=CC(=C(C=C1Cl)Cl)O,HFZWRUODUSTPEG-UHFFFAOYSA-N,https://pubchem.ncbi.nlm.nih.gov/compound/8449,https://pubchem.ncbi.nlm.nih.gov/rest/pug/compound/cid/8449/PNG,structure_available,
43,"2,4-difluoro-3,5-dichloroaniline",METABOLITE,,2774000,C1=C(C(=C(C(=C1Cl)F)Cl)F)N,KLECNQGLBJHVSH-UHFFFAOYSA-N,https://pubchem.ncbi.nlm.nih.gov/compound/2774000,https://pubchem.ncbi.nlm.nih.gov/rest/pug/compound/cid/2774000/PNG,structure_available,
41,"2,6-difluorobenzamide",METABOLITE,,87439,C1=CC(=C(C(=C1)F)C(=O)N)F,AVRQBXVUUXHRMY-UHFFFAOYSA-N,https://pubchem.ncbi.nlm.nih.gov/compound/87439,https://pubchem.ncbi.nlm.nih.gov/rest/pug/compound/cid/87439/PNG,structure_available,
42,"2,6-difluorobenzoic acid",METABOLITE,,9796,C1=CC(=C(C(=C1)F)C(=O)O)F,ONOTYLMNTZNAQZ-UHFFFAOYSA-N,https://pubchem.ncbi.nlm.nih.gov/compound/9796,https://pubchem.ncbi.nlm.nih.gov/rest/pug/compound/cid/9796/PNG,structure_available,
51,"2-Hydroxy-6-oxo-6-phenyl-2,4-hexadienoic acid",METABOLITE,,5460220,C1=CC=C(C=C1)/C(=C\C=C\C(=O)C(=O)O)/O,YOVXRIACERVBAG-AJQRHIRFSA-N,https://pubchem.ncbi.nlm.nih.gov/compound/5460220,https://pubchem.ncbi.nlm.nih.gov/rest/pug/compound/cid/5460220/PNG,structure_available,
49,2-Hydroxybiphenyl,METABOLITE,,7017,C1=CC=C(C=C1)C2=CC=CC=C2O,LLEMOWNGBBNAJR-UHFFFAOYSA-N,https://pubchem.ncbi.nlm.nih.gov/compound/7017,https://pubchem.ncbi.nlm.nih.gov/rest/pug/compound/cid/7017/PNG,structure_available,
212,2-Phenylphenol,PESTICIDE,,7017,C1=CC=C(C=C1)C2=CC=CC=C2O,LLEMOWNGBBNAJR-UHFFFAOYSA-N,https://pubchem.ncbi.nlm.nih.gov/compound/7017,https://pubchem.ncbi.nlm.nih.gov/rest/pug/compound/cid/7017/PNG,structure_available,
45,"2-[[(3,5-dichlorophenyl)carbamoyl]oxy]-2-methyl-3-butenoic acid",METABOLITE,,,,,,,no_single_structure_assigned,"No single SMILES/structure is assigned because this entry represents a mixture, grouped pathway products, or an unresolved transformation-product label rather than one discrete compound."
133,2-aminobenzimidazole,METABOLITE,,13624,C1=CC=C2C(=C1)NC(=N2)N,JWYUFVNJZUSCSM-UHFFFAOYSA-N,https://pubchem.ncbi.nlm.nih.gov/compound/13624,https://pubchem.ncbi.nlm.nih.gov/rest/pug/compound/cid/13624/PNG,structure_available,
67,2-aminobenzimidazole (2-AB),METABOLITE,,13624,C1=CC=C2C(=C1)NC(=N2)N,JWYUFVNJZUSCSM-UHFFFAOYSA-N,https://pubchem.ncbi.nlm.nih.gov/compound/13624,https://pubchem.ncbi.nlm.nih.gov/rest/pug/compound/cid/13624/PNG,structure_available,
202,2-chloro-N-(2-methyl-6-ethylphenyl) acetamide (CMEPA),METABOLITE,,137796804,CCC1=C(C(=C(C=C1)Cl)C)NC(=O)C,ZVADKYPLWUQOBT-UHFFFAOYSA-N,https://pubchem.ncbi.nlm.nih.gov/compound/137796804,https://pubchem.ncbi.nlm.nih.gov/rest/pug/compound/cid/137796804/PNG,structure_available,
166,2-methyl-3-biphenylyl methanol,METABOLITE,,596875,CC1=C(C=CC=C1C2=CC=CC=C2)CO,BGTLHJPGBIVQLJ-UHFFFAOYSA-N,https://pubchem.ncbi.nlm.nih.gov/compound/596875,https://pubchem.ncbi.nlm.nih.gov/rest/pug/compound/cid/596875/PNG,structure_available,
88,2-oxo-4-[(hydroxy)(methyl)phosphinoyl]butyric acid,METABOLITE,,,,,,,no_single_structure_assigned,"No single SMILES/structure is assigned because this entry represents a mixture, grouped pathway products, or an unresolved transformation-product label rather than one discrete compound."
31,2-phenylhydrazinecarboxylic acid,METABOLITE,,22462813,C1=CC=C(C=C1)NNC(=O)O,POJYSQCMDUIYSB-UHFFFAOYSA-N,https://pubchem.ncbi.nlm.nih.gov/compound/22462813,https://pubchem.ncbi.nlm.nih.gov/rest/pug/compound/cid/22462813/PNG,structure_available,
190,"2-tert-butylimino-3-isopropyl-1,3,5-thiadiazinan-4-one (2-BI)",METABOLITE,,,,,,,no_single_structure_assigned,"No single SMILES/structure is assigned because this entry represents a mixture, grouped pathway products, or an unresolved transformation-product label rather than one discrete compound."
47,"3',5'-dichloro-2-hydroxy-2-methylbut-3-enanilide",METABOLITE,,115209,CC(C=C)(C(=O)NC1=CC(=CC(=C1)Cl)Cl)O,FBYYIBNYONAZCU-UHFFFAOYSA-N,https://pubchem.ncbi.nlm.nih.gov/compound/115209,https://pubchem.ncbi.nlm.nih.gov/rest/pug/compound/cid/115209/PNG,structure_available,
209,"3,4-dichloroaniline (3,4-DCA)",METABOLITE,,7257,C1=CC(=C(C=C1N)Cl)Cl,SDYWXFYBZPNOFX-UHFFFAOYSA-N,https://pubchem.ncbi.nlm.nih.gov/compound/7257,https://pubchem.ncbi.nlm.nih.gov/rest/pug/compound/cid/7257/PNG,structure_available,
132,"3,5,6-trichloro-2-pyridinol",METABOLITE,,23017,C1=C(C(=O)NC(=C1Cl)Cl)Cl,WCYYAQFQZQEUEN-UHFFFAOYSA-N,https://pubchem.ncbi.nlm.nih.gov/compound/23017,https://pubchem.ncbi.nlm.nih.gov/rest/pug/compound/cid/23017/PNG,structure_available,
46,"3,5-dichloroaniline",METABOLITE,,12281,C1=C(C=C(C=C1Cl)Cl)N,UQRLKWGPEVNVHT-UHFFFAOYSA-N,https://pubchem.ncbi.nlm.nih.gov/compound/12281,https://pubchem.ncbi.nlm.nih.gov/rest/pug/compound/cid/12281/PNG,structure_available,
105,"3,5-dichlorocatechol",METABOLITE,,26173,C1=C(C=C(C(=C1O)O)Cl)Cl,XSXYVLIPQMXCBV-UHFFFAOYSA-N,https://pubchem.ncbi.nlm.nih.gov/compound/26173,https://pubchem.ncbi.nlm.nih.gov/rest/pug/compound/cid/26173/PNG,structure_available,
143,"3,6-dichlorosalicylate",METABOLITE,,54686729,C1=CC(=C(C(=C1Cl)C(=O)O)[O-])Cl,FKIKPQHMWFZFEB-UHFFFAOYSA-M,https://pubchem.ncbi.nlm.nih.gov/compound/54686729,https://pubchem.ncbi.nlm.nih.gov/rest/pug/compound/cid/54686729/PNG,structure_available,
216,"3,6-dichlorosalicylic acid",METABOLITE,,18844,C1=CC(=C(C(=C1Cl)C(=O)O)O)Cl,FKIKPQHMWFZFEB-UHFFFAOYSA-N,https://pubchem.ncbi.nlm.nih.gov/compound/18844,https://pubchem.ncbi.nlm.nih.gov/rest/pug/compound/cid/18844/PNG,structure_available,
162,3-Phenoxybenzaldehyde,METABOLITE,,38284,C1=CC=C(C=C1)OC2=CC=CC(=C2)C=O,MRLGCTNJRREZHZ-UHFFFAOYSA-N,https://pubchem.ncbi.nlm.nih.gov/compound/38284,https://pubchem.ncbi.nlm.nih.gov/rest/pug/compound/cid/38284/PNG,structure_available,
161,3-Phenoxybenzenemethanol,METABOLITE,,26295,C1=CC=C(C=C1)OC2=CC=CC(=C2)CO,KGANAERDZBAECK-UHFFFAOYSA-N,https://pubchem.ncbi.nlm.nih.gov/compound/26295,https://pubchem.ncbi.nlm.nih.gov/rest/pug/compound/cid/26295/PNG,structure_available,
160,"3-Phenoxybenzenemethanol + 2,2-dimethyl-3-(2,2-dichlorovinyl) cyclopropanecarboxylic acid",METABOLITE,,,,,,,no_single_structure_assigned,"No single SMILES/structure is assigned because this entry represents a mixture, grouped pathway products, or an unresolved transformation-product label rather than one discrete compound."
264,3-chloroaniline and downstream chlorocatechol products,METABOLITE,,,,,,,no_single_structure_assigned,"No single SMILES/structure is assigned because this entry represents a mixture, grouped pathway products, or an unresolved transformation-product label rather than one discrete compound."
171,3-chlorophenylacetic acid,METABOLITE,,15879,C1=CC(=CC(=C1)Cl)CC(=O)O,WFPMUFXQDKMVCO-UHFFFAOYSA-N,https://pubchem.ncbi.nlm.nih.gov/compound/15879,https://pubchem.ncbi.nlm.nih.gov/rest/pug/compound/cid/15879/PNG,structure_available,
170,3-chlorophenylacetic acid + alpha-cyano-3-phenoxybenzyl alcohol,METABOLITE,,,,,,,no_single_structure_assigned,"No single SMILES/structure is assigned because this entry represents a mixture, grouped pathway products, or an unresolved transformation-product label rather than one discrete compound."
101,3-difluoromethyl-1-methyl-1H-pyrazole-4-amide,METABOLITE,,,,,,,no_single_structure_assigned,"No single SMILES/structure is assigned because this entry represents a mixture, grouped pathway products, or an unresolved transformation-product label rather than one discrete compound."
98,"3-difluoromethyl-1-methyl-1H-pyrazole-4-carboxylic acid (9-hydroxy-9-isopropyl-1,2,3,4-tetrahydro-1,4-methanonaphthalen-5-yl)-amide",METABOLITE,,,,,,,no_single_structure_assigned,"No single SMILES/structure is assigned because this entry represents a mixture, grouped pathway products, or an unresolved transformation-product label rather than one discrete compound."
99,"3-difluoromethyl-1-methyl-1H-pyrazole-4-carboxylic acid (9-isopropylidene-1,2,3,4-tetrahydro-1,4-methanonaphthalen-5-yl)-amide",METABOLITE,,,,,,,no_single_structure_assigned,"No single SMILES/structure is assigned because this entry represents a mixture, grouped pathway products, or an unresolved transformation-product label rather than one discrete compound."
100,3-difluoromethyl-1H-pyrazole-4-carboxylic acid,METABOLITE,,,,,,,no_single_structure_assigned,"No single SMILES/structure is assigned because this entry represents a mixture, grouped pathway products, or an unresolved transformation-product label rather than one discrete compound."
109,3-oxoadipate,METABOLITE,,5459800,C(CC(=O)[O-])C(=O)CC(=O)[O-],RTGHRDFWYQHVFW-UHFFFAOYSA-L,https://pubchem.ncbi.nlm.nih.gov/compound/5459800,https://pubchem.ncbi.nlm.nih.gov/rest/pug/compound/cid/5459800/PNG,structure_available,
110,3-oxoadipyl-CoA,METABOLITE,,9543153,CC(C)(COP(=O)(O)OP(=O)(O)OC[C@@H]1[C@H]([C@H]([C@@H](O1)N2C=NC3=C(N=CN=C32)N)O)OP(=O)(O)O)[C@H](C(=O)NCCC(=O)NCCSC(=O)CC(=O)CCC(=O)O)O,VKKKAAPGXHWXOO-BIEWRJSYSA-N,https://pubchem.ncbi.nlm.nih.gov/compound/9543153,https://pubchem.ncbi.nlm.nih.gov/rest/pug/compound/cid/9543153/PNG,structure_available,
174,3-phenoxybenzaldehyde,METABOLITE,,38284,C1=CC=C(C=C1)OC2=CC=CC(=C2)C=O,MRLGCTNJRREZHZ-UHFFFAOYSA-N,https://pubchem.ncbi.nlm.nih.gov/compound/38284,https://pubchem.ncbi.nlm.nih.gov/rest/pug/compound/cid/38284/PNG,structure_available,
169,"3-phenoxybenzaldehyde + butyl 1,2-phthalate",METABOLITE,,,,,,,no_single_structure_assigned,"No single SMILES/structure is assigned because this entry represents a mixture, grouped pathway products, or an unresolved transformation-product label rather than one discrete compound."
26,"4-amino-6-methyl-4,5-dihydro-2H-[1,2,4]triazin-3-one (AMDT) + nicotinaldehyde",METABOLITE,,,,,,,no_single_structure_assigned,"No single SMILES/structure is assigned because this entry represents a mixture, grouped pathway products, or an unresolved transformation-product label rather than one discrete compound."
23,"4-amino-6-methyl-4,5-dihydro-2H-[1,2,4]triazin-3-one (AMDT) + nicotinic acid",METABOLITE,,,,,,,no_single_structure_assigned,"No single SMILES/structure is assigned because this entry represents a mixture, grouped pathway products, or an unresolved transformation-product label rather than one discrete compound."
113,4-chloro-2-methylphenol,METABOLITE,,14855,CC1=C(C=CC(=C1)Cl)O,RHPUJHQBPORFGV-UHFFFAOYSA-N,https://pubchem.ncbi.nlm.nih.gov/compound/14855,https://pubchem.ncbi.nlm.nih.gov/rest/pug/compound/cid/14855/PNG,structure_available,
137,"4-hydroxy-2,5,6-trichloroisophthalonitrile",METABOLITE,,34217,C(#N)C1=C(C(=C(C(=C1Cl)C#N)Cl)Cl)O,MDQKYGOECVSPIW-UHFFFAOYSA-N,https://pubchem.ncbi.nlm.nih.gov/compound/34217,https://pubchem.ncbi.nlm.nih.gov/rest/pug/compound/cid/34217/PNG,structure_available,
172,4-hydroxyphenylacetic acid,METABOLITE,,127,C1=CC(=CC=C1CC(=O)O)O,XQXPVVBIMDBYFF-UHFFFAOYSA-N,https://pubchem.ncbi.nlm.nih.gov/compound/127,https://pubchem.ncbi.nlm.nih.gov/rest/pug/compound/cid/127/PNG,structure_available,
167,"4-trifluoromethoxyphenol + 2-chloro-6-fluorobenzyl alcohol + 3,5-dimethoxyphenol",METABOLITE,,,,,,,no_single_structure_assigned,"No single SMILES/structure is assigned because this entry represents a mixture, grouped pathway products, or an unresolved transformation-product label rather than one discrete compound."
127,5-hydroxy imidacloprid,METABOLITE,,,,,,,no_single_structure_assigned,"No single SMILES/structure is assigned because this entry represents a mixture, grouped pathway products, or an unresolved transformation-product label rather than one discrete compound."
25,6-hydroxynicotinic acid,METABOLITE,,72924,C1=CC(=O)NC=C1C(=O)O,BLHCMGRVFXRYRN-UHFFFAOYSA-N,https://pubchem.ncbi.nlm.nih.gov/compound/72924,https://pubchem.ncbi.nlm.nih.gov/rest/pug/compound/cid/72924/PNG,structure_available,
123,AMPA + Glyoxylate,METABOLITE,,,,,,,no_single_structure_assigned,"No single SMILES/structure is assigned because this entry represents a mixture, grouped pathway products, or an unresolved transformation-product label rather than one discrete compound."
2,Abamectin,PESTICIDE,,9920327,CC[C@H](C)[C@@H]1[C@H](C=C[C@@]2(O1)C[C@@H]3C[C@H](O2)C/C=C(/[C@H]([C@H](/C=C/C=C/4\CO[C@H]5[C@@]4([C@@H](C=C([C@H]5O)C)C(=O)O3)O)C)O[C@H]6C[C@@H]([C@H]([C@@H](O6)C)O[C@H]7C[C@@H]([C@H]([C@@H](O7)C)O)OC)OC)\C)C.C[C@H]1/C=C/C=C/2\CO[C@H]3[C@@]2([C@@H](C=C([C@H]3O)C)C(=O)O[C@H]4C[C@@H](C/C=C(/[C@H]1O[C@H]5C[C@@H]([C@H]([C@@H](O5)C)O[C@H]6C[C@@H]([C@H]([C@@H](O6)C)O)OC)OC)\C)O[C@]7(C4)C=C[C@@H]([C@H](O7)C(C)C)C)O,IBSREHMXUMOFBB-JFUDTMANSA-N,https://pubchem.ncbi.nlm.nih.gov/compound/9920327,https://pubchem.ncbi.nlm.nih.gov/rest/pug/compound/cid/9920327/PNG,structure_available,Parent pesticide represented in PesticideDB pathway evidence records.
35,Abamectin B1a,METABOLITE,,6434889,CC[C@H](C)[C@@H]1[C@H](C=C[C@@]2(O1)C[C@@H]3C[C@H](O2)C/C=C(/[C@H]([C@H](/C=C/C=C/4\CO[C@H]5[C@@]4([C@@H](C=C([C@H]5O)C)C(=O)O3)O)C)O[C@H]6C[C@@H]([C@H]([C@@H](O6)C)O[C@H]7C[C@@H]([C@H]([C@@H](O7)C)O)OC)OC)\C)C,RRZXIRBKKLTSOM-XPNPUAGNSA-N,https://pubchem.ncbi.nlm.nih.gov/compound/6434889,https://pubchem.ncbi.nlm.nih.gov/rest/pug/compound/cid/6434889/PNG,structure_available,
53,Acephate,PESTICIDE,,1982,CC(=O)NP(=O)(OC)SC,YASYVMFAVPKPKE-UHFFFAOYSA-N,https://pubchem.ncbi.nlm.nih.gov/compound/1982,https://pubchem.ncbi.nlm.nih.gov/rest/pug/compound/cid/1982/PNG,structure_available,
63,Acephate/methanethiol route,METABOLITE,,,,,,,no_single_structure_assigned,"No single SMILES/structure is assigned because this entry represents a mixture, grouped pathway products, or an unresolved transformation-product label rather than one discrete compound."
62,Acetamide + acetic acid,METABOLITE,,,,,,,no_single_structure_assigned,"No single SMILES/structure is assigned because this entry represents a mixture, grouped pathway products, or an unresolved transformation-product label rather than one discrete compound."
116,Acetamiprid,PESTICIDE,,213021,CC(=NC#N)N(C)CC1=CN=C(C=C1)Cl,WCXDHFDTOYPNIE-UHFFFAOYSA-N,https://pubchem.ncbi.nlm.nih.gov/compound/213021,https://pubchem.ncbi.nlm.nih.gov/rest/pug/compound/cid/213021/PNG,structure_available,
199,Acetic acid,METABOLITE,,176,CC(=O)O,QTBSBXVTEAMEQO-UHFFFAOYSA-N,https://pubchem.ncbi.nlm.nih.gov/compound/176,https://pubchem.ncbi.nlm.nih.gov/rest/pug/compound/cid/176/PNG,structure_available,
201,Acetochlor,PESTICIDE,,1988,CCC1=CC=CC(=C1N(COCC)C(=O)CCl)C,VTNQPKFIQCLBDU-UHFFFAOYSA-N,https://pubchem.ncbi.nlm.nih.gov/compound/1988,https://pubchem.ncbi.nlm.nih.gov/rest/pug/compound/cid/1988/PNG,structure_available,
111,Acetyl-CoA + Succinyl-CoA,METABOLITE,,,,,,,no_single_structure_assigned,"No single SMILES/structure is assigned because this entry represents a mixture, grouped pathway products, or an unresolved transformation-product label rather than one discrete compound."
3,Acibenzolar-S-methyl,PESTICIDE,,86412,CSC(=O)C1=C2C(=CC=C1)N=NS2,UELITFHSCLAHKR-UHFFFAOYSA-N,https://pubchem.ncbi.nlm.nih.gov/compound/86412,https://pubchem.ncbi.nlm.nih.gov/rest/pug/compound/cid/86412/PNG,structure_available,Parent pesticide represented in PesticideDB pathway evidence records.
94,Adipic acid,METABOLITE,,196,C(CCC(=O)O)CC(=O)O,WNLRTRBMVRJNCN-UHFFFAOYSA-N,https://pubchem.ncbi.nlm.nih.gov/compound/196,https://pubchem.ncbi.nlm.nih.gov/rest/pug/compound/cid/196/PNG,structure_available,
213,Aldrin and Dieldrin,PESTICIDE,,,,,,,no_single_structure_assigned,Combined pathway search label for aldrin/dieldrin evidence. Individual pathway nodes use specific compound records such as Dieldrin; no single SMILES string is assigned to this combined label.
154,Aldrin trans-diol,METABOLITE,,,,,,,no_single_structure_assigned,"No single SMILES/structure is assigned because this entry represents a mixture, grouped pathway products, or an unresolved transformation-product label rather than one discrete compound."
155,Aldrin trans-diol exo- and endo-phosphates,METABOLITE,,,,,,,no_single_structure_assigned,"No single SMILES/structure is assigned because this entry represents a mixture, grouped pathway products, or an unresolved transformation-product label rather than one discrete compound."
4,Ametoctradin,PESTICIDE,,15604010,CCCCCCCCC1=C(N2C(=NC=N2)N=C1CC)N,GGKQIOFASHYUJZ-UHFFFAOYSA-N,https://pubchem.ncbi.nlm.nih.gov/compound/15604010,https://pubchem.ncbi.nlm.nih.gov/rest/pug/compound/cid/15604010/PNG,structure_available,Parent pesticide represented in PesticideDB pathway evidence records.
92,Aniline,METABOLITE,,6115,C1=CC=C(C=C1)N,PAYRUJLWNCNPSJ-UHFFFAOYSA-N,https://pubchem.ncbi.nlm.nih.gov/compound/6115,https://pubchem.ncbi.nlm.nih.gov/rest/pug/compound/cid/6115/PNG,structure_available,
204,Aniline + catechol,METABOLITE,,,,,,,no_single_structure_assigned,"No single SMILES/structure is assigned because this entry represents a mixture, grouped pathway products, or an unresolved transformation-product label rather than one discrete compound."
282,Azinphos-Methyl,PESTICIDE,,2268,COP(=S)(OC)SCN1C(=O)C2=CC=CC=C2N=N1,CJJOSEISRRTUQB-UHFFFAOYSA-N,https://pubchem.ncbi.nlm.nih.gov/compound/2268,https://pubchem.ncbi.nlm.nih.gov/rest/pug/compound/cid/2268/PNG,structure_available,
85,Azoxystrobin,PESTICIDE,,3034285,CO/C=C(\C1=CC=CC=C1OC2=NC=NC(=C2)OC3=CC=CC=C3C#N)/C(=O)OC,WFDXOXNFNRHQEC-GHRIWEEISA-N,https://pubchem.ncbi.nlm.nih.gov/compound/3034285,https://pubchem.ncbi.nlm.nih.gov/rest/pug/compound/cid/3034285/PNG,structure_available,
86,Azoxystrobin acid,METABOLITE,,66685656,CO/C=C(\C1=CC=CC=C1OC2=NC=NC(=C2)OC3=CC=CC=C3C#N)/C(=O)O,IKCXDZCEWZARFL-FOWTUZBSSA-N,https://pubchem.ncbi.nlm.nih.gov/compound/66685656,https://pubchem.ncbi.nlm.nih.gov/rest/pug/compound/cid/66685656/PNG,structure_available,
180,Bentazone,PESTICIDE,,2328,CC(C)N1C(=O)C2=CC=CC=C2NS1(=O)=O,ZOMSMJKLGFBRBS-UHFFFAOYSA-N,https://pubchem.ncbi.nlm.nih.gov/compound/2328,https://pubchem.ncbi.nlm.nih.gov/rest/pug/compound/cid/2328/PNG,structure_available,
52,"Benzoic acid + 2-hydroxy-2,4-pentadienoic acid",METABOLITE,,,,,,,no_single_structure_assigned,"No single SMILES/structure is assigned because this entry represents a mixture, grouped pathway products, or an unresolved transformation-product label rather than one discrete compound."
164,Bifenthrin,PESTICIDE,,6442842,CC1=C(C=CC=C1C2=CC=CC=C2)COC(=O)[C@@H]3[C@@H](C3(C)C)/C=C(/C(F)(F)F)\Cl,OMFRMAHOUUJSGP-IRHGGOMRSA-N,https://pubchem.ncbi.nlm.nih.gov/compound/6442842,https://pubchem.ncbi.nlm.nih.gov/rest/pug/compound/cid/6442842/PNG,structure_available,
262,Boscalid,PESTICIDE,,213013,C1=CC=C(C(=C1)C2=CC=C(C=C2)Cl)NC(=O)C3=C(N=CC=C3)Cl,WYEMLYFITZORAB-UHFFFAOYSA-N,https://pubchem.ncbi.nlm.nih.gov/compound/213013,https://pubchem.ncbi.nlm.nih.gov/rest/pug/compound/cid/213013/PNG,structure_available,
189,Buprofezin,PESTICIDE,,50367,CC(C)N1C(=NC(C)(C)C)SCN(C1=O)C2=CC=CC=C2,PRLVTUNWOQKEAI-UHFFFAOYSA-N,https://pubchem.ncbi.nlm.nih.gov/compound/50367,https://pubchem.ncbi.nlm.nih.gov/rest/pug/compound/cid/50367/PNG,structure_available,
227,C-P bond cleavage products,METABOLITE,,,,,,,no_single_structure_assigned,"No single SMILES/structure is assigned because this entry represents a mixture, grouped pathway products, or an unresolved transformation-product label rather than one discrete compound."
69,CGA 380778,METABOLITE,,11474256,COC1=C(C=CC(=C1)CCNC(=O)C(C2=CC=C(C=C2)Cl)O)OCC#C,CRJKRYZJRZIPJS-UHFFFAOYSA-N,https://pubchem.ncbi.nlm.nih.gov/compound/11474256,https://pubchem.ncbi.nlm.nih.gov/rest/pug/compound/cid/11474256/PNG,structure_available,
276,Cadusafos,PESTICIDE,,91752,CCC(C)SP(=O)(OCC)SC(C)CC,KXRPCFINVWWFHQ-UHFFFAOYSA-N,https://pubchem.ncbi.nlm.nih.gov/compound/91752,https://pubchem.ncbi.nlm.nih.gov/rest/pug/compound/cid/91752/PNG,structure_available,
283,Captan,PESTICIDE,,8606,C1C=CCC2C1C(=O)N(C2=O)SC(Cl)(Cl)Cl,LDVVMCZRFWMZSG-UHFFFAOYSA-N,https://pubchem.ncbi.nlm.nih.gov/compound/8606,https://pubchem.ncbi.nlm.nih.gov/rest/pug/compound/cid/8606/PNG,structure_available,
134,Carbaryl,PESTICIDE,,6129,CNC(=O)OC1=CC=CC2=CC=CC=C21,CVXBEEMKQHEXEN-UHFFFAOYSA-N,https://pubchem.ncbi.nlm.nih.gov/compound/6129,https://pubchem.ncbi.nlm.nih.gov/rest/pug/compound/cid/6129/PNG,structure_available,
68,Carbendazim,PESTICIDE,,25429,COC(=O)NC1=NC2=CC=CC=C2N1,TWFZGCMQGLPBSX-UHFFFAOYSA-N,https://pubchem.ncbi.nlm.nih.gov/compound/25429,https://pubchem.ncbi.nlm.nih.gov/rest/pug/compound/cid/25429/PNG,structure_available,
66,Carbendazim (MBC),METABOLITE,,25429,COC(=O)NC1=NC2=CC=CC=C2N1,TWFZGCMQGLPBSX-UHFFFAOYSA-N,https://pubchem.ncbi.nlm.nih.gov/compound/25429,https://pubchem.ncbi.nlm.nih.gov/rest/pug/compound/cid/25429/PNG,structure_available,
114,Carbofuran,PESTICIDE,,2566,CC1(CC2=C(O1)C(=CC=C2)OC(=O)NC)C,DUEPRVBVGDRKAG-UHFFFAOYSA-N,https://pubchem.ncbi.nlm.nih.gov/compound/2566,https://pubchem.ncbi.nlm.nih.gov/rest/pug/compound/cid/2566/PNG,structure_available,
115,Carbofuran phenol,METABOLITE,,15278,CC1(CC2=C(O1)C(=CC=C2)O)C,WJGPNUBJBMCRQH-UHFFFAOYSA-N,https://pubchem.ncbi.nlm.nih.gov/compound/15278,https://pubchem.ncbi.nlm.nih.gov/rest/pug/compound/cid/15278/PNG,structure_available,
200,Carbon dioxide,METABOLITE,,280,C(=O)=O,CURLTUGMZLYLDI-UHFFFAOYSA-N,https://pubchem.ncbi.nlm.nih.gov/compound/280,https://pubchem.ncbi.nlm.nih.gov/rest/pug/compound/cid/280/PNG,structure_available,
299,Carbosulfan,PESTICIDE,,41384,CCCCN(CCCC)SN(C)C(=O)OC1=CC=CC2=C1OC(C2)(C)C,JLQUFIHWVLZVTJ-UHFFFAOYSA-N,https://pubchem.ncbi.nlm.nih.gov/compound/41384,https://pubchem.ncbi.nlm.nih.gov/rest/pug/compound/cid/41384/PNG,structure_available,
300,Carbosulfan phosphodiesterase-associated products,METABOLITE,,,,,,,no_single_structure_assigned,"No single SMILES/structure is assigned because this entry represents a mixture, grouped pathway products, or an unresolved transformation-product label rather than one discrete compound."
93,Catechol,METABOLITE,,289,C1=CC=C(C(=C1)O)O,YCIMNLLNPGFGHC-UHFFFAOYSA-N,https://pubchem.ncbi.nlm.nih.gov/compound/289,https://pubchem.ncbi.nlm.nih.gov/rest/pug/compound/cid/289/PNG,structure_available,
277,Chlorantraniliprole,PESTICIDE,,11271640,CC1=CC(=CC(=C1NC(=O)C2=CC(=NN2C3=C(C=CC=N3)Cl)Br)C(=O)NC)Cl,PSOVNZZNOMJUBI-UHFFFAOYSA-N,https://pubchem.ncbi.nlm.nih.gov/compound/11271640,https://pubchem.ncbi.nlm.nih.gov/rest/pug/compound/cid/11271640/PNG,structure_available,
278,Chlorantraniliprole amidase transformation products,METABOLITE,,,,,,,no_single_structure_assigned,"No single SMILES/structure is assigned because this entry represents a mixture, grouped pathway products, or an unresolved transformation-product label rather than one discrete compound."
284,Chlordane,PESTICIDE,,11954021,C1C2C(C(C1Cl)Cl)[C@]3(C(=C([C@@]2(C3(Cl)Cl)Cl)Cl)Cl)Cl,BIWJNBZANLAXMG-YQELWRJZSA-N,https://pubchem.ncbi.nlm.nih.gov/compound/11954021,https://pubchem.ncbi.nlm.nih.gov/rest/pug/compound/cid/11954021/PNG,structure_available,
231,Chlorinated aromatic ring-cleavage products,METABOLITE,,,,,,,no_single_structure_assigned,"No single SMILES/structure is assigned because this entry represents a mixture, grouped pathway products, or an unresolved transformation-product label rather than one discrete compound."
136,Chlorothalonil,PESTICIDE,,15910,C(#N)C1=C(C(=C(C(=C1Cl)Cl)Cl)C#N)Cl,CRQQGFGUEAVUIL-UHFFFAOYSA-N,https://pubchem.ncbi.nlm.nih.gov/compound/15910,https://pubchem.ncbi.nlm.nih.gov/rest/pug/compound/cid/15910/PNG,structure_available,
263,Chlorpropham,PESTICIDE,,2728,CC(C)OC(=O)NC1=CC(=CC=C1)Cl,CWJSHJJYOPWUGX-UHFFFAOYSA-N,https://pubchem.ncbi.nlm.nih.gov/compound/2728,https://pubchem.ncbi.nlm.nih.gov/rest/pug/compound/cid/2728/PNG,structure_available,
131,Chlorpyrifos-methyl,PESTICIDE,,21803,COP(=S)(OC)OC1=NC(=C(C=C1Cl)Cl)Cl,HRBKVYFZANMGRE-UHFFFAOYSA-N,https://pubchem.ncbi.nlm.nih.gov/compound/21803,https://pubchem.ncbi.nlm.nih.gov/rest/pug/compound/cid/21803/PNG,structure_available,
265,Clothianidin,PESTICIDE,,86287519,CN/C(=N\[N+](=O)[O-])/NCC1=CN=C(S1)Cl,PGOOBECODWQEAB-UHFFFAOYSA-N,https://pubchem.ncbi.nlm.nih.gov/compound/86287519,https://pubchem.ncbi.nlm.nih.gov/rest/pug/compound/cid/86287519/PNG,structure_available,
165,Cyclopropanecarboxylic acid + 2-methyl-3-biphenylyl methanol,METABOLITE,,,,,,,no_single_structure_assigned,"No single SMILES/structure is assigned because this entry represents a mixture, grouped pathway products, or an unresolved transformation-product label rather than one discrete compound."
239,Cyfluthrin,PESTICIDE,,104926,CC1(C(C1C(=O)OC(C#N)C2=CC(=C(C=C2)F)OC3=CC=CC=C3)C=C(Cl)Cl)C,QQODLKZGRKWIFG-UHFFFAOYSA-N,https://pubchem.ncbi.nlm.nih.gov/compound/104926,https://pubchem.ncbi.nlm.nih.gov/rest/pug/compound/cid/104926/PNG,structure_available,
232,Cyfluthrin/beta-cyfluthrin,PESTICIDE,,56608859,CC1([C@H](C1C=C(Cl)Cl)C(=O)O[C@@H](C#N)C2=CC(=C(C=C2)F)OC3=CC=CC=C3)C,QQODLKZGRKWIFG-RUTXASTPSA-N,https://pubchem.ncbi.nlm.nih.gov/compound/56608859,https://pubchem.ncbi.nlm.nih.gov/rest/pug/compound/cid/56608859/PNG,structure_available,
244,Cypermethrin,PESTICIDE,,2912,CC1(C(C1C(=O)OC(C#N)C2=CC(=CC=C2)OC3=CC=CC=C3)C=C(Cl)Cl)C,KAATUXNTWXVJKI-UHFFFAOYSA-N,https://pubchem.ncbi.nlm.nih.gov/compound/2912,https://pubchem.ncbi.nlm.nih.gov/rest/pug/compound/cid/2912/PNG,structure_available,
286,Cyprodinil,PESTICIDE,,86367,CC1=CC(=NC(=N1)NC2=CC=CC=C2)C3CC3,HAORKNGNJCEJBX-UHFFFAOYSA-N,https://pubchem.ncbi.nlm.nih.gov/compound/86367,https://pubchem.ncbi.nlm.nih.gov/rest/pug/compound/cid/86367/PNG,structure_available,
147,Cyromazine,PESTICIDE,,47866,C1CC1NC2=NC(=NC(=N2)N)N,LVQDKIWDGQRHTE-UHFFFAOYSA-N,https://pubchem.ncbi.nlm.nih.gov/compound/47866,https://pubchem.ncbi.nlm.nih.gov/rest/pug/compound/cid/47866/PNG,structure_available,
287,Cytochrome P450-associated transformation products,METABOLITE,,,,,,,no_single_structure_assigned,"No single SMILES/structure is assigned because this entry represents a mixture, grouped pathway products, or an unresolved transformation-product label rather than one discrete compound."
119,DDD,METABOLITE,,6294,C1=CC(=CC=C1C(C2=CC=C(C=C2)Cl)C(Cl)Cl)Cl,AHJKRLASYNVKDZ-UHFFFAOYSA-N,https://pubchem.ncbi.nlm.nih.gov/compound/6294,https://pubchem.ncbi.nlm.nih.gov/rest/pug/compound/cid/6294/PNG,structure_available,
120,DDE,METABOLITE,,3035,C1=CC(=CC=C1C(=C(Cl)Cl)C2=CC=C(C=C2)Cl)Cl,UCNVFOCBFJOQAL-UHFFFAOYSA-N,https://pubchem.ncbi.nlm.nih.gov/compound/3035,https://pubchem.ncbi.nlm.nih.gov/rest/pug/compound/cid/3035/PNG,structure_available,
121,DDMU,METABOLITE,,98491,C1=CC(=CC=C1C(=CCl)C2=CC=C(C=C2)Cl)Cl,LNKQQZFLNUVWQQ-UHFFFAOYSA-N,https://pubchem.ncbi.nlm.nih.gov/compound/98491,https://pubchem.ncbi.nlm.nih.gov/rest/pug/compound/cid/98491/PNG,structure_available,
118,DDT,PESTICIDE,,3036,C1=CC(=CC=C1C(C2=CC=C(C=C2)Cl)C(Cl)(Cl)Cl)Cl,YVGGHNCTFXOJCH-UHFFFAOYSA-N,https://pubchem.ncbi.nlm.nih.gov/compound/3036,https://pubchem.ncbi.nlm.nih.gov/rest/pug/compound/cid/3036/PNG,structure_available,
194,DIF-TPs 290,METABOLITE,,,,,,,no_single_structure_assigned,"No single SMILES/structure is assigned because this entry represents a mixture, grouped pathway products, or an unresolved transformation-product label rather than one discrete compound."
193,DIF-TPs 330,METABOLITE,,,,,,,no_single_structure_assigned,"No single SMILES/structure is assigned because this entry represents a mixture, grouped pathway products, or an unresolved transformation-product label rather than one discrete compound."
192,DIF-TPs 406,METABOLITE,,,,,,,no_single_structure_assigned,"No single SMILES/structure is assigned because this entry represents a mixture, grouped pathway products, or an unresolved transformation-product label rather than one discrete compound."
173,Deltamethrin,PESTICIDE,,40585,CC1([C@H]([C@H]1C(=O)O[C@H](C#N)C2=CC(=CC=C2)OC3=CC=CC=C3)C=C(Br)Br)C,OWZREIFADZCYQD-NSHGMRRFSA-N,https://pubchem.ncbi.nlm.nih.gov/compound/40585,https://pubchem.ncbi.nlm.nih.gov/rest/pug/compound/cid/40585/PNG,structure_available,
142,Dicamba,PESTICIDE,,3030,COC1=C(C=CC(=C1C(=O)O)Cl)Cl,IWEDIXLBFLAXBO-UHFFFAOYSA-N,https://pubchem.ncbi.nlm.nih.gov/compound/3030,https://pubchem.ncbi.nlm.nih.gov/rest/pug/compound/cid/3030/PNG,structure_available,
250,Dichlobenil,PESTICIDE,,3031,C1=CC(=C(C(=C1)Cl)C#N)Cl,YOYAIZYFCNQIRF-UHFFFAOYSA-N,https://pubchem.ncbi.nlm.nih.gov/compound/3031,https://pubchem.ncbi.nlm.nih.gov/rest/pug/compound/cid/3031/PNG,structure_available,
138,Dichlorvos,PESTICIDE,,3039,COP(=O)(OC)OC=C(Cl)Cl,OEBRKCOSUFCWJD-UHFFFAOYSA-N,https://pubchem.ncbi.nlm.nih.gov/compound/3039,https://pubchem.ncbi.nlm.nih.gov/rest/pug/compound/cid/3039/PNG,structure_available,
279,Dicofol,PESTICIDE,,8268,C1=CC(=CC=C1C(C2=CC=C(C=C2)Cl)(C(Cl)(Cl)Cl)O)Cl,UOAMTSKGCBMZTC-UHFFFAOYSA-N,https://pubchem.ncbi.nlm.nih.gov/compound/8268,https://pubchem.ncbi.nlm.nih.gov/rest/pug/compound/cid/8268/PNG,structure_available,
280,Dicofol enzymatic transformation products,METABOLITE,,,,,,,no_single_structure_assigned,"No single SMILES/structure is assigned because this entry represents a mixture, grouped pathway products, or an unresolved transformation-product label rather than one discrete compound."
153,Dieldrin,PESTICIDE,,969491,C1[C@@H]2[C@H]3[C@@H]([C@H]1[C@H]4[C@@H]2O4)[C@]5(C(=C([C@@]3(C5(Cl)Cl)Cl)Cl)Cl)Cl,DFBKLUNHFCTMDC-PICURKEMSA-N,https://pubchem.ncbi.nlm.nih.gov/compound/969491,https://pubchem.ncbi.nlm.nih.gov/rest/pug/compound/cid/969491/PNG,structure_available,
107,Dienelactone,METABOLITE,,5280677,C\1=CC(=O)O/C1=C\C(=O)O,AYFXPGXAZMFWNH-ARJAWSKDSA-N,https://pubchem.ncbi.nlm.nih.gov/compound/5280677,https://pubchem.ncbi.nlm.nih.gov/rest/pug/compound/cid/5280677/PNG,structure_available,
191,Difenoconazole,PESTICIDE,,86173,CC1COC(O1)(CN2C=NC=N2)C3=C(C=C(C=C3)OC4=CC=C(C=C4)Cl)Cl,BQYJATMQXGBDHF-UHFFFAOYSA-N,https://pubchem.ncbi.nlm.nih.gov/compound/86173,https://pubchem.ncbi.nlm.nih.gov/rest/pug/compound/cid/86173/PNG,structure_available,
221,Dimethoate,PESTICIDE,,3082,CNC(=O)CSP(=S)(OC)OC,MCWXGJITAZMZEV-UHFFFAOYSA-N,https://pubchem.ncbi.nlm.nih.gov/compound/3082,https://pubchem.ncbi.nlm.nih.gov/rest/pug/compound/cid/3082/PNG,structure_available,
222,Dimethoate hydrolysis products,METABOLITE,,,,,,,no_single_structure_assigned,"No single SMILES/structure is assigned because this entry represents a mixture, grouped pathway products, or an unresolved transformation-product label rather than one discrete compound."
288,Dimethomorph,PESTICIDE,,86298,COC1=C(C=C(C=C1)C(=CC(=O)N2CCOCC2)C3=CC=C(C=C3)Cl)OC,QNBTYORWCCMPQP-UHFFFAOYSA-N,https://pubchem.ncbi.nlm.nih.gov/compound/86298,https://pubchem.ncbi.nlm.nih.gov/rest/pug/compound/cid/86298/PNG,structure_available,
139,Dimethyl phosphate + Dichloroacetaldehyde,METABOLITE,,,,,,,no_single_structure_assigned,"No single SMILES/structure is assigned because this entry represents a mixture, grouped pathway products, or an unresolved transformation-product label rather than one discrete compound."
266,Dinotefuran,PESTICIDE,,197701,CN=C(NCC1CCOC1)N[N+](=O)[O-],YKBZOVFACRVRJN-UHFFFAOYSA-N,https://pubchem.ncbi.nlm.nih.gov/compound/197701,https://pubchem.ncbi.nlm.nih.gov/rest/pug/compound/cid/197701/PNG,structure_available,
267,Dinotefuran hydrolysis products,METABOLITE,,,,,,,no_single_structure_assigned,"No single SMILES/structure is assigned because this entry represents a mixture, grouped pathway products, or an unresolved transformation-product label rather than one discrete compound."
203,Diphenylamine,PESTICIDE,,11487,C1=CC=C(C=C1)NC2=CC=CC=C2,DMBHHRLKUKUOEG-UHFFFAOYSA-N,https://pubchem.ncbi.nlm.nih.gov/compound/11487,https://pubchem.ncbi.nlm.nih.gov/rest/pug/compound/cid/11487/PNG,structure_available,
289,Diquat,PESTICIDE,,6795,C1C[N+]2=CC=CC=C2C3=CC=CC=[N+]31,SYJFEGQWDCRVNX-UHFFFAOYSA-N,https://pubchem.ncbi.nlm.nih.gov/compound/6795,https://pubchem.ncbi.nlm.nih.gov/rest/pug/compound/cid/6795/PNG,structure_available,
243,Dithiocarbamate,PESTICIDE,,3037131,C(=S)(N)[S-],DKVNPHBNOWQYFE-UHFFFAOYSA-M,https://pubchem.ncbi.nlm.nih.gov/compound/3037131,https://pubchem.ncbi.nlm.nih.gov/rest/pug/compound/cid/3037131/PNG,structure_available,
290,Emamectin benzoate,PESTICIDE,,11650986,CC[C@H](C)[C@@H]1[C@H](C=C[C@@]2(O1)C[C@@H]3C[C@H](O2)C/C=C(/[C@H]([C@H](/C=C/C=C/4\CO[C@H]5[C@@]4([C@@H](C=C([C@H]5O)C)C(=O)O3)O)C)O[C@H]6C[C@@H]([C@H]([C@@H](O6)C)O[C@H]7C[C@@H]([C@H]([C@@H](O7)C)NC)OC)OC)\C)C.C1=CC=C(C=C1)C(=O)O,GCKZANITAMOIAR-XWVCPFKXSA-N,https://pubchem.ncbi.nlm.nih.gov/compound/11650986,https://pubchem.ncbi.nlm.nih.gov/rest/pug/compound/cid/11650986/PNG,structure_available,
156,Endosulfan,PESTICIDE,,3224,C1C2C(COS(=O)O1)C3(C(=C(C2(C3(Cl)Cl)Cl)Cl)Cl)Cl,RDYMFSUJUZBWLH-UHFFFAOYSA-N,https://pubchem.ncbi.nlm.nih.gov/compound/3224,https://pubchem.ncbi.nlm.nih.gov/rest/pug/compound/cid/3224/PNG,structure_available,
157,Endosulfan diol,METABOLITE,,92170,C(C1C(C2(C(=C(C1(C2(Cl)Cl)Cl)Cl)Cl)Cl)CO)O,GTSJHTSVFKEASK-UHFFFAOYSA-N,https://pubchem.ncbi.nlm.nih.gov/compound/92170,https://pubchem.ncbi.nlm.nih.gov/rest/pug/compound/cid/92170/PNG,structure_available,
158,Endosulfan lactone,METABOLITE,,145710,C1C2C(C(=O)O1)C3(C(=C(C2(C3(Cl)Cl)Cl)Cl)Cl)Cl,GIUKJJMBQBRFTN-UHFFFAOYSA-N,https://pubchem.ncbi.nlm.nih.gov/compound/145710,https://pubchem.ncbi.nlm.nih.gov/rest/pug/compound/cid/145710/PNG,structure_available,
236,Endrin,PESTICIDE,,12358480,C1[C@@H]2[C@@H]3[C@H]([C@H]1[C@H]4[C@@H]2O4)[C@@]5(C(=C([C@]3(C5(Cl)Cl)Cl)Cl)Cl)Cl,DFBKLUNHFCTMDC-GKRDHZSOSA-N,https://pubchem.ncbi.nlm.nih.gov/compound/12358480,https://pubchem.ncbi.nlm.nih.gov/rest/pug/compound/cid/12358480/PNG,structure_available,
241,Esfenvalerate,PESTICIDE,,10342051,CC(C)[C@@H](C1=CC=C(C=C1)Cl)C(=O)O[C@H](C#N)C2=CC(=CC=C2)OC3=CC=CC=C3,NYPJDWWKZLNGGM-RPWUZVMVSA-N,https://pubchem.ncbi.nlm.nih.gov/compound/10342051,https://pubchem.ncbi.nlm.nih.gov/rest/pug/compound/cid/10342051/PNG,structure_available,
281,Ethion,PESTICIDE,,3286,CCOP(=S)(OCC)SCSP(=S)(OCC)OCC,RIZMRRKBZQXFOY-UHFFFAOYSA-N,https://pubchem.ncbi.nlm.nih.gov/compound/3286,https://pubchem.ncbi.nlm.nih.gov/rest/pug/compound/cid/3286/PNG,structure_available,
258,Ethoprophos,PESTICIDE,,3289,CCCSP(=O)(OCC)SCCC,VJYFKVYYMZPMAB-UHFFFAOYSA-N,https://pubchem.ncbi.nlm.nih.gov/compound/3289,https://pubchem.ncbi.nlm.nih.gov/rest/pug/compound/cid/3289/PNG,structure_available,
268,Etoxazole,PESTICIDE,,153974,CCOC1=C(C=CC(=C1)C(C)(C)C)C2COC(=N2)C3=C(C=CC=C3F)F,IXSZQYVWNJNRAL-UHFFFAOYSA-N,https://pubchem.ncbi.nlm.nih.gov/compound/153974,https://pubchem.ncbi.nlm.nih.gov/rest/pug/compound/cid/153974/PNG,structure_available,
269,Etoxazole monooxygenase/dehydrogenase/hydrolase transformation products,METABOLITE,,,,,,,no_single_structure_assigned,"No single SMILES/structure is assigned because this entry represents a mixture, grouped pathway products, or an unresolved transformation-product label rather than one discrete compound."
224,Fenamiphos,PESTICIDE,,31070,CCOP(=O)(NC(C)C)OC1=CC(=C(C=C1)SC)C,ZCJPOPBZHLUFHF-UHFFFAOYSA-N,https://pubchem.ncbi.nlm.nih.gov/compound/31070,https://pubchem.ncbi.nlm.nih.gov/rest/pug/compound/cid/31070/PNG,structure_available,
225,Fenamiphos hydrolysis products,METABOLITE,,,,,,,no_single_structure_assigned,"No single SMILES/structure is assigned because this entry represents a mixture, grouped pathway products, or an unresolved transformation-product label rather than one discrete compound."
291,Fenhexamid,PESTICIDE,,213031,CC1(CCCCC1)C(=O)NC2=C(C(=C(C=C2)O)Cl)Cl,VDLGAVXLJYLFDH-UHFFFAOYSA-N,https://pubchem.ncbi.nlm.nih.gov/compound/213031,https://pubchem.ncbi.nlm.nih.gov/rest/pug/compound/cid/213031/PNG,structure_available,
270,Fenitrothion,PESTICIDE,,31200,CC1=C(C=CC(=C1)OP(=S)(OC)OC)[N+](=O)[O-],ZNOLGFHPUIJIMJ-UHFFFAOYSA-N,https://pubchem.ncbi.nlm.nih.gov/compound/31200,https://pubchem.ncbi.nlm.nih.gov/rest/pug/compound/cid/31200/PNG,structure_available,
271,Fenitrothion organophosphorus hydrolysis products,METABOLITE,,,,,,,no_single_structure_assigned,"No single SMILES/structure is assigned because this entry represents a mixture, grouped pathway products, or an unresolved transformation-product label rather than one discrete compound."
256,Fenpropathrin,PESTICIDE,,47326,CC1(C(C1(C)C)C(=O)OC(C#N)C2=CC(=CC=C2)OC3=CC=CC=C3)C,XQUXKZZNEFRCAW-UHFFFAOYSA-N,https://pubchem.ncbi.nlm.nih.gov/compound/47326,https://pubchem.ncbi.nlm.nih.gov/rest/pug/compound/cid/47326/PNG,structure_available,
168,Fenvalerate,PESTICIDE,,3347,CC(C)C(C1=CC=C(C=C1)Cl)C(=O)OC(C#N)C2=CC(=CC=C2)OC3=CC=CC=C3,NYPJDWWKZLNGGM-UHFFFAOYSA-N,https://pubchem.ncbi.nlm.nih.gov/compound/3347,https://pubchem.ncbi.nlm.nih.gov/rest/pug/compound/cid/3347/PNG,structure_available,
186,Fipronil,PESTICIDE,,3352,C1=C(C=C(C(=C1Cl)N2C(=C(C(=N2)C#N)S(=O)C(F)(F)F)N)Cl)C(F)(F)F,ZOCSXAVNDGMNBV-UHFFFAOYSA-N,https://pubchem.ncbi.nlm.nih.gov/compound/3352,https://pubchem.ncbi.nlm.nih.gov/rest/pug/compound/cid/3352/PNG,structure_available,
188,Fipronil-sulfide,METABOLITE,,9953940,C1=C(C=C(C(=C1Cl)N2C(=C(C(=N2)C#N)SC(F)(F)F)N)Cl)C(F)(F)F,FQXWEKADCSXYOC-UHFFFAOYSA-N,https://pubchem.ncbi.nlm.nih.gov/compound/9953940,https://pubchem.ncbi.nlm.nih.gov/rest/pug/compound/cid/9953940/PNG,structure_available,
187,Fipronil-sulfone,METABOLITE,,3078139,C1=C(C=C(C(=C1Cl)N2C(=C(C(=N2)C#N)S(=O)(=O)C(F)(F)F)N)Cl)C(F)(F)F,LGHZJDKSVUTELU-UHFFFAOYSA-N,https://pubchem.ncbi.nlm.nih.gov/compound/3078139,https://pubchem.ncbi.nlm.nih.gov/rest/pug/compound/cid/3078139/PNG,structure_available,
140,Flonicamid,PESTICIDE,,9834513,C1=CN=CC(=C1C(F)(F)F)C(=O)NCC#N,RLQJEEJISHYWON-UHFFFAOYSA-N,https://pubchem.ncbi.nlm.nih.gov/compound/9834513,https://pubchem.ncbi.nlm.nih.gov/rest/pug/compound/cid/9834513/PNG,structure_available,
292,Fluazinam,PESTICIDE,,91731,C1=C(C=NC(=C1Cl)NC2=C(C=C(C(=C2[N+](=O)[O-])Cl)C(F)(F)F)[N+](=O)[O-])C(F)(F)F,UZCGKGPEKUCDTF-UHFFFAOYSA-N,https://pubchem.ncbi.nlm.nih.gov/compound/91731,https://pubchem.ncbi.nlm.nih.gov/rest/pug/compound/cid/91731/PNG,structure_available,
259,Flubendiamide,PESTICIDE,,11193251,CC1=C(C=CC(=C1)C(C(F)(F)F)(C(F)(F)F)F)NC(=O)C2=C(C(=CC=C2)I)C(=O)NC(C)(C)CS(=O)(=O)C,ZGNITFSDLCMLGI-UHFFFAOYSA-N,https://pubchem.ncbi.nlm.nih.gov/compound/11193251,https://pubchem.ncbi.nlm.nih.gov/rest/pug/compound/cid/11193251/PNG,structure_available,
252,Fludioxonil,PESTICIDE,,86398,C1=CC(=C2C(=C1)OC(O2)(F)F)C3=CNC=C3C#N,MUJOIMFVNIBMKC-UHFFFAOYSA-N,https://pubchem.ncbi.nlm.nih.gov/compound/86398,https://pubchem.ncbi.nlm.nih.gov/rest/pug/compound/cid/86398/PNG,structure_available,
5,Fluxapyroxad,PESTICIDE,,16095400,CN1C=C(C(=N1)C(F)F)C(=O)NC2=CC=CC=C2C3=CC(=C(C(=C3)F)F)F,SXSGXWCSHSVPGB-UHFFFAOYSA-N,https://pubchem.ncbi.nlm.nih.gov/compound/16095400,https://pubchem.ncbi.nlm.nih.gov/rest/pug/compound/cid/16095400/PNG,structure_available,Parent pesticide represented in PesticideDB pathway evidence records.
272,Folpet,PESTICIDE,,8607,C1=CC=C2C(=C1)C(=O)N(C2=O)SC(Cl)(Cl)Cl,HKIOYBQGHSTUDB-UHFFFAOYSA-N,https://pubchem.ncbi.nlm.nih.gov/compound/8607,https://pubchem.ncbi.nlm.nih.gov/rest/pug/compound/cid/8607/PNG,structure_available,
273,Folpet esterase hydrolysis products,METABOLITE,,,,,,,no_single_structure_assigned,"No single SMILES/structure is assigned because this entry represents a mixture, grouped pathway products, or an unresolved transformation-product label rather than one discrete compound."
285,Fungal oxidative transformation products not resolved in current database source,METABOLITE,,,,,,,no_single_structure_assigned,"No single SMILES/structure is assigned because this entry represents a mixture, grouped pathway products, or an unresolved transformation-product label rather than one discrete compound."
87,Glufosinate,METABOLITE,,4794,CP(=O)(CCC(C(=O)O)N)O,IAJOBQBIJHVGMQ-UHFFFAOYSA-N,https://pubchem.ncbi.nlm.nih.gov/compound/4794,https://pubchem.ncbi.nlm.nih.gov/rest/pug/compound/cid/4794/PNG,structure_available,
6,Glufosinate-Ammonium,PESTICIDE,,53597,CP(=O)(CCC(C(=O)[O-])N)O.[NH4+],ZBMRKNMTMPPMMK-UHFFFAOYSA-N,https://pubchem.ncbi.nlm.nih.gov/compound/53597,https://pubchem.ncbi.nlm.nih.gov/rest/pug/compound/cid/53597/PNG,structure_available,Parent pesticide represented in PesticideDB pathway evidence records.
125,Glycine + Formaldehyde,METABOLITE,,,,,,,no_single_structure_assigned,"No single SMILES/structure is assigned because this entry represents a mixture, grouped pathway products, or an unresolved transformation-product label rather than one discrete compound."
122,Glyphosate,PESTICIDE,,3496,C(C(=O)O)NCP(=O)(O)O,XDDAORKBJWWYJS-UHFFFAOYSA-N,https://pubchem.ncbi.nlm.nih.gov/compound/3496,https://pubchem.ncbi.nlm.nih.gov/rest/pug/compound/cid/3496/PNG,structure_available,
293,Haloxyfop,PESTICIDE,,50895,CC(C(=O)O)OC1=CC=C(C=C1)OC2=C(C=C(C=N2)C(F)(F)F)Cl,GOCUAJYOYBLQRH-UHFFFAOYSA-N,https://pubchem.ncbi.nlm.nih.gov/compound/50895,https://pubchem.ncbi.nlm.nih.gov/rest/pug/compound/cid/50895/PNG,structure_available,
294,Heptachlor,PESTICIDE,,3589,C1=CC(C2C1C3(C(=C(C2(C3(Cl)Cl)Cl)Cl)Cl)Cl)Cl,FRCCEHPWNOQAEU-UHFFFAOYSA-N,https://pubchem.ncbi.nlm.nih.gov/compound/3589,https://pubchem.ncbi.nlm.nih.gov/rest/pug/compound/cid/3589/PNG,structure_available,
7,Imazamox,PESTICIDE,,86137,CC(C)C1(C(=O)NC(=N1)C2=C(C=C(C=N2)COC)C(=O)O)C,NUPJIGQFXCQJBK-UHFFFAOYSA-N,https://pubchem.ncbi.nlm.nih.gov/compound/86137,https://pubchem.ncbi.nlm.nih.gov/rest/pug/compound/cid/86137/PNG,structure_available,Parent pesticide represented in PesticideDB pathway evidence records.
207,Imazamox acid-hydroxy metabolite,METABOLITE,,,,,,,no_single_structure_assigned,"No single SMILES/structure is assigned because this entry represents a mixture, grouped pathway products, or an unresolved transformation-product label rather than one discrete compound."
205,Imazamox diacid metabolite,METABOLITE,,,,,,,no_single_structure_assigned,"No single SMILES/structure is assigned because this entry represents a mixture, grouped pathway products, or an unresolved transformation-product label rather than one discrete compound."
206,Imazamox hydroxy metabolite,METABOLITE,,,,,,,no_single_structure_assigned,"No single SMILES/structure is assigned because this entry represents a mixture, grouped pathway products, or an unresolved transformation-product label rather than one discrete compound."
274,Imazethapyr,PESTICIDE,,54740,CCC1=CC(=C(N=C1)C2=NC(C(=O)N2)(C)C(C)C)C(=O)O,XVOKUMIPKHGGTN-UHFFFAOYSA-N,https://pubchem.ncbi.nlm.nih.gov/compound/54740,https://pubchem.ncbi.nlm.nih.gov/rest/pug/compound/cid/54740/PNG,structure_available,
126,Imidacloprid,PESTICIDE,,86287518,C1CN(/C(=N/[N+](=O)[O-])/N1)CC2=CN=C(C=C2)Cl,YWTYJOPNNQFBPC-UHFFFAOYSA-N,https://pubchem.ncbi.nlm.nih.gov/compound/86287518,https://pubchem.ncbi.nlm.nih.gov/rest/pug/compound/cid/86287518/PNG,structure_available,
295,Indoxacarb,PESTICIDE,,107720,COC(=O)[C@]12CC3=C(C1=NN(CO2)C(=O)N(C4=CC=C(C=C4)OC(F)(F)F)C(=O)OC)C=CC(=C3)Cl,VBCVPMMZEGZULK-NRFANRHFSA-N,https://pubchem.ncbi.nlm.nih.gov/compound/107720,https://pubchem.ncbi.nlm.nih.gov/rest/pug/compound/cid/107720/PNG,structure_available,
296,Indoxacarb carboxylesterase hydrolysis products,METABOLITE,,,,,,,no_single_structure_assigned,"No single SMILES/structure is assigned because this entry represents a mixture, grouped pathway products, or an unresolved transformation-product label rather than one discrete compound."
144,Iprodione,PESTICIDE,,37517,CC(C)NC(=O)N1CC(=O)N(C1=O)C2=CC(=CC(=C2)Cl)Cl,ONUFESLQCSAYKA-UHFFFAOYSA-N,https://pubchem.ncbi.nlm.nih.gov/compound/37517,https://pubchem.ncbi.nlm.nih.gov/rest/pug/compound/cid/37517/PNG,structure_available,
218,Iprodione hydantoin-ring hydrolysis product,METABOLITE,,,,,,,no_single_structure_assigned,"No single SMILES/structure is assigned because this entry represents a mixture, grouped pathway products, or an unresolved transformation-product label rather than one discrete compound."
8,Isopyrazam,PESTICIDE,,25271089,CC(C)C1C2CCC1C3=C2C=CC=C3NC(=O)C4=CN(N=C4C(F)F)C,XTDZGXBTXBEZDN-UHFFFAOYSA-N,https://pubchem.ncbi.nlm.nih.gov/compound/25271089,https://pubchem.ncbi.nlm.nih.gov/rest/pug/compound/cid/25271089/PNG,structure_available,Parent pesticide represented in PesticideDB pathway evidence records.
228,Isoxaflutole,PESTICIDE,,84098,CS(=O)(=O)C1=C(C=CC(=C1)C(F)(F)F)C(=O)C2=C(ON=C2)C3CC3,OYIKARCXOQLFHF-UHFFFAOYSA-N,https://pubchem.ncbi.nlm.nih.gov/compound/84098,https://pubchem.ncbi.nlm.nih.gov/rest/pug/compound/cid/84098/PNG,structure_available,
151,Lindane,PESTICIDE,,727,C1(C(C(C(C(C1Cl)Cl)Cl)Cl)Cl)Cl,JLYXXMFPNIAWKQ-UHFFFAOYSA-N,https://pubchem.ncbi.nlm.nih.gov/compound/727,https://pubchem.ncbi.nlm.nih.gov/rest/pug/compound/cid/727/PNG,structure_available,
74,M650F01,METABOLITE,,,,,,,no_single_structure_assigned,"No single SMILES/structure is assigned because this entry represents a mixture, grouped pathway products, or an unresolved transformation-product label rather than one discrete compound."
75,M650F02,METABOLITE,,,,,,,no_single_structure_assigned,"No single SMILES/structure is assigned because this entry represents a mixture, grouped pathway products, or an unresolved transformation-product label rather than one discrete compound."
76,M650F03,METABOLITE,,,,,,,no_single_structure_assigned,"No single SMILES/structure is assigned because this entry represents a mixture, grouped pathway products, or an unresolved transformation-product label rather than one discrete compound."
77,M650F04,METABOLITE,,,,,,,no_single_structure_assigned,"No single SMILES/structure is assigned because this entry represents a mixture, grouped pathway products, or an unresolved transformation-product label rather than one discrete compound."
112,MCPA,PESTICIDE,,7204,CC1=C(C=CC(=C1)Cl)OCC(=O)O,WHKUVVPPKQRRBV-UHFFFAOYSA-N,https://pubchem.ncbi.nlm.nih.gov/compound/7204,https://pubchem.ncbi.nlm.nih.gov/rest/pug/compound/cid/7204/PNG,structure_available,
129,Malathion,PESTICIDE,,4004,CCOC(=O)CC(C(=O)OCC)SP(=S)(OC)OC,JXSJBGJIGXNWCI-UHFFFAOYSA-N,https://pubchem.ncbi.nlm.nih.gov/compound/4004,https://pubchem.ncbi.nlm.nih.gov/rest/pug/compound/cid/4004/PNG,structure_available,
130,Malathion monoacid and diacid derivatives,METABOLITE,,,,,,,no_single_structure_assigned,"No single SMILES/structure is assigned because this entry represents a mixture, grouped pathway products, or an unresolved transformation-product label rather than one discrete compound."
108,Maleylacetate,METABOLITE,,9543165,C(C(=O)/C=C\C(=O)[O-])C(=O)[O-],SOXXPQLIZIPMIZ-UPHRSURJSA-L,https://pubchem.ncbi.nlm.nih.gov/compound/9543165,https://pubchem.ncbi.nlm.nih.gov/rest/pug/compound/cid/9543165/PNG,structure_available,
9,Mandipropamid,PESTICIDE,,11292824,COC1=C(C=CC(=C1)CCNC(=O)C(C2=CC=C(C=C2)Cl)OCC#C)OCC#C,KWLVWJPJKJMCSH-UHFFFAOYSA-N,https://pubchem.ncbi.nlm.nih.gov/compound/11292824,https://pubchem.ncbi.nlm.nih.gov/rest/pug/compound/cid/11292824/PNG,structure_available,Parent pesticide represented in PesticideDB pathway evidence records.
260,Mesotrione,PESTICIDE,,175967,CS(=O)(=O)C1=CC(=C(C=C1)C(=O)C2C(=O)CCCC2=O)[N+](=O)[O-],KPUREKXXPHOJQT-UHFFFAOYSA-N,https://pubchem.ncbi.nlm.nih.gov/compound/175967,https://pubchem.ncbi.nlm.nih.gov/rest/pug/compound/cid/175967/PNG,structure_available,
261,Mesotrione reduction products,METABOLITE,,,,,,,no_single_structure_assigned,"No single SMILES/structure is assigned because this entry represents a mixture, grouped pathway products, or an unresolved transformation-product label rather than one discrete compound."
37,Metabolite A (m/z 886.8),METABOLITE,,,,,,,no_single_structure_assigned,"No single SMILES/structure is assigned because this entry represents a mixture, grouped pathway products, or an unresolved transformation-product label rather than one discrete compound."
36,Metabolite A (m/z 886.8; C24-hydroxylated abamectin B1a),METABOLITE,,,,,,,no_single_structure_assigned,"No single SMILES/structure is assigned because this entry represents a mixture, grouped pathway products, or an unresolved transformation-product label rather than one discrete compound."
38,Metabolite B (m/z 709.0),METABOLITE,,,,,,,no_single_structure_assigned,"No single SMILES/structure is assigned because this entry represents a mixture, grouped pathway products, or an unresolved transformation-product label rather than one discrete compound."
39,Metabolite C (m/z 485.0),METABOLITE,,,,,,,no_single_structure_assigned,"No single SMILES/structure is assigned because this entry represents a mixture, grouped pathway products, or an unresolved transformation-product label rather than one discrete compound."
40,Metabolite D (m/z 292.7),METABOLITE,,,,,,,no_single_structure_assigned,"No single SMILES/structure is assigned because this entry represents a mixture, grouped pathway products, or an unresolved transformation-product label rather than one discrete compound."
242,Metalaxyl,PESTICIDE,,42586,CC1=C(C(=CC=C1)C)N(C(C)C(=O)OC)C(=O)COC,ZQEIXNIJLIKNTD-UHFFFAOYSA-N,https://pubchem.ncbi.nlm.nih.gov/compound/42586,https://pubchem.ncbi.nlm.nih.gov/rest/pug/compound/cid/42586/PNG,structure_available,
54,Methamidophos,PESTICIDE,,4096,COP(=O)(N)SC,NNKVPIKMPCQWCG-UHFFFAOYSA-N,https://pubchem.ncbi.nlm.nih.gov/compound/4096,https://pubchem.ncbi.nlm.nih.gov/rest/pug/compound/cid/4096/PNG,structure_available,
58,"Methamidophos + O,O-dimethyl phosphoramidate",METABOLITE,,,,,,,no_single_structure_assigned,"No single SMILES/structure is assigned because this entry represents a mixture, grouped pathway products, or an unresolved transformation-product label rather than one discrete compound."
64,Methanethiol + dimethyl disulfide,METABOLITE,,,,,,,no_single_structure_assigned,"No single SMILES/structure is assigned because this entry represents a mixture, grouped pathway products, or an unresolved transformation-product label rather than one discrete compound."
253,Methomyl,PESTICIDE,,4109,CC(=NOC(=O)NC)SC,UHXUZOCRWCRNSJ-UHFFFAOYSA-N,https://pubchem.ncbi.nlm.nih.gov/compound/4109,https://pubchem.ncbi.nlm.nih.gov/rest/pug/compound/cid/4109/PNG,structure_available,
254,Methomyl C-N hydrolysis products,METABOLITE,,,,,,,no_single_structure_assigned,"No single SMILES/structure is assigned because this entry represents a mixture, grouped pathway products, or an unresolved transformation-product label rather than one discrete compound."
223,Microbial transformation products not resolved in current database source,METABOLITE,,,,,,,no_single_structure_assigned,"No single SMILES/structure is assigned because this entry represents a mixture, grouped pathway products, or an unresolved transformation-product label rather than one discrete compound."
152,Monochlorobenzene + Benzene,METABOLITE,,,,,,,no_single_structure_assigned,"No single SMILES/structure is assigned because this entry represents a mixture, grouped pathway products, or an unresolved transformation-product label rather than one discrete compound."
145,"N-(3,5-dichlorophenyl)-2,4-dioxoimidazolidine",METABOLITE,,20515695,C1C(=O)NC(=O)N1C2=CC(=CC(=C2)Cl)Cl,URFDSEBDUGSCLZ-UHFFFAOYSA-N,https://pubchem.ncbi.nlm.nih.gov/compound/20515695,https://pubchem.ncbi.nlm.nih.gov/rest/pug/compound/cid/20515695/PNG,structure_available,
141,N-(4-trifluoromethylnicotinoyl) glycinamide,METABOLITE,,,,,,,no_single_structure_assigned,"No single SMILES/structure is assigned because this entry represents a mixture, grouped pathway products, or an unresolved transformation-product label rather than one discrete compound."
217,N-(4-trifluoromethylnicotinoyl)glycinamide (TFNG-AM),METABOLITE,,76965321,C1=CN=CC(=C1C(F)(F)F)C(=O)NCC(=O)N,FZAQQBPOTJCLJM-UHFFFAOYSA-N,https://pubchem.ncbi.nlm.nih.gov/compound/76965321,https://pubchem.ncbi.nlm.nih.gov/rest/pug/compound/cid/76965321/PNG,structure_available,
89,N-acetyl-PPT,METABOLITE,,,,,,,no_single_structure_assigned,"No single SMILES/structure is assigned because this entry represents a mixture, grouped pathway products, or an unresolved transformation-product label rather than one discrete compound."
148,N-cyclopropylammeline,METABOLITE,,135524780,C1CC1NC2=NC(=O)NC(=N2)N,YWSPFJMRXWALBW-UHFFFAOYSA-N,https://pubchem.ncbi.nlm.nih.gov/compound/135524780,https://pubchem.ncbi.nlm.nih.gov/rest/pug/compound/cid/135524780/PNG,structure_available,
79,N-hydroxymethyl phthalimide,METABOLITE,,8354,C1=CC=C2C(=C1)C(=O)N(C2=O)CO,MNSGOOCAMMSKGI-UHFFFAOYSA-N,https://pubchem.ncbi.nlm.nih.gov/compound/8354,https://pubchem.ncbi.nlm.nih.gov/rest/pug/compound/cid/8354/PNG,structure_available,
117,N-methyl-(6-chloro-3-pyridyl)methylamine,METABOLITE,,,,,,,no_single_structure_assigned,"No single SMILES/structure is assigned because this entry represents a mixture, grouped pathway products, or an unresolved transformation-product label rather than one discrete compound."
71,NOA 458422,METABOLITE,,23583625,COC1=C(C=CC(=C1)CCNC(=O)C(C2=CC=C(C=C2)Cl)OCC#C)O,HBYKLTZIVPBSNN-UHFFFAOYSA-N,https://pubchem.ncbi.nlm.nih.gov/compound/23583625,https://pubchem.ncbi.nlm.nih.gov/rest/pug/compound/cid/23583625/PNG,structure_available,
27,Nicotinaldehyde,METABOLITE,,10371,C1=CC(=CN=C1)C=O,QJZUKDFHGGYHMC-UHFFFAOYSA-N,https://pubchem.ncbi.nlm.nih.gov/compound/10371,https://pubchem.ncbi.nlm.nih.gov/rest/pug/compound/cid/10371/PNG,structure_available,
24,Nicotinic acid,METABOLITE,,938,C1=CC(=CN=C1)C(=O)O,PVNIIMVLHYAWGP-UHFFFAOYSA-N,https://pubchem.ncbi.nlm.nih.gov/compound/938,https://pubchem.ncbi.nlm.nih.gov/rest/pug/compound/cid/938/PNG,structure_available,
33,Nitrosoimino thiamethoxam,METABOLITE,,,,,,,no_single_structure_assigned,"No single SMILES/structure is assigned because this entry represents a mixture, grouped pathway products, or an unresolved transformation-product label rather than one discrete compound."
57,"O,S-dimethyl hydrogen phosphorothioate",METABOLITE,,23413258,COP(=O)([O-])SC,UBRYVVDAYNKOOR-UHFFFAOYSA-M,https://pubchem.ncbi.nlm.nih.gov/compound/23413258,https://pubchem.ncbi.nlm.nih.gov/rest/pug/compound/cid/23413258/PNG,structure_available,
59,"O,S-dimethyl phosphoramidothioate",METABOLITE,,4096,COP(=O)(N)SC,NNKVPIKMPCQWCG-UHFFFAOYSA-N,https://pubchem.ncbi.nlm.nih.gov/compound/4096,https://pubchem.ncbi.nlm.nih.gov/rest/pug/compound/cid/4096/PNG,structure_available,
55,"O,S-dimethyl phosphorothioate (DMPT)",METABOLITE,,6451898,COP(=O)(O)SC,UBRYVVDAYNKOOR-UHFFFAOYSA-N,https://pubchem.ncbi.nlm.nih.gov/compound/6451898,https://pubchem.ncbi.nlm.nih.gov/rest/pug/compound/cid/6451898/PNG,structure_available,
128,Olefin imidacloprid,METABOLITE,,,,,,,no_single_structure_assigned,"No single SMILES/structure is assigned because this entry represents a mixture, grouped pathway products, or an unresolved transformation-product label rather than one discrete compound."
149,Oxamyl,PESTICIDE,,31657,CNC(=O)ON=C(C(=O)N(C)C)SC,KZAUOCCYDRDERY-UHFFFAOYSA-N,https://pubchem.ncbi.nlm.nih.gov/compound/31657,https://pubchem.ncbi.nlm.nih.gov/rest/pug/compound/cid/31657/PNG,structure_available,
150,Oxamyl oxime + Methylamine,METABOLITE,,,,,,,no_single_structure_assigned,"No single SMILES/structure is assigned because this entry represents a mixture, grouped pathway products, or an unresolved transformation-product label rather than one discrete compound."
229,Oxidative transformation products not resolved in current database source,METABOLITE,,,,,,,no_single_structure_assigned,"No single SMILES/structure is assigned because this entry represents a mixture, grouped pathway products, or an unresolved transformation-product label rather than one discrete compound."
198,Paraquat,PESTICIDE,,15939,C[N+]1=CC=C(C=C1)C2=CC=[N+](C=C2)C,INFDPOAKFNIJBF-UHFFFAOYSA-N,https://pubchem.ncbi.nlm.nih.gov/compound/15939,https://pubchem.ncbi.nlm.nih.gov/rest/pug/compound/cid/15939/PNG,structure_available,
210,Parathion-Methyl,PESTICIDE,,4130,COP(=S)(OC)OC1=CC=C(C=C1)[N+](=O)[O-],RLBIQVVOMOPOHC-UHFFFAOYSA-N,https://pubchem.ncbi.nlm.nih.gov/compound/4130,https://pubchem.ncbi.nlm.nih.gov/rest/pug/compound/cid/4130/PNG,structure_available,
195,Pendimethalin,PESTICIDE,,38479,CCC(CC)NC1=C(C=C(C(=C1[N+](=O)[O-])C)C)[N+](=O)[O-],CHIFOSRWCNZCFN-UHFFFAOYSA-N,https://pubchem.ncbi.nlm.nih.gov/compound/38479,https://pubchem.ncbi.nlm.nih.gov/rest/pug/compound/cid/38479/PNG,structure_available,
90,Pentachloronitrobenzene (PCNB),METABOLITE,,6720,C1(=C(C(=C(C(=C1Cl)Cl)Cl)Cl)Cl)[N+](=O)[O-],LKPLKUMXSAEKID-UHFFFAOYSA-N,https://pubchem.ncbi.nlm.nih.gov/compound/6720,https://pubchem.ncbi.nlm.nih.gov/rest/pug/compound/cid/6720/PNG,structure_available,
95,Pentachlorothioanisole,METABOLITE,,15766,CSC1=C(C(=C(C(=C1Cl)Cl)Cl)Cl)Cl,LGZZJTIUEJNNKV-UHFFFAOYSA-N,https://pubchem.ncbi.nlm.nih.gov/compound/15766,https://pubchem.ncbi.nlm.nih.gov/rest/pug/compound/cid/15766/PNG,structure_available,
10,Penthiopyrad,PESTICIDE,,11388558,CC(C)CC(C)C1=C(C=CS1)NC(=O)C2=CN(N=C2C(F)(F)F)C,PFFIDZXUXFLSSR-UHFFFAOYSA-N,https://pubchem.ncbi.nlm.nih.gov/compound/11388558,https://pubchem.ncbi.nlm.nih.gov/rest/pug/compound/cid/11388558/PNG,structure_available,Parent pesticide represented in PesticideDB pathway evidence records.
159,Permethrin,PESTICIDE,,40326,CC1(C(C1C(=O)OCC2=CC(=CC=C2)OC3=CC=CC=C3)C=C(Cl)Cl)C,RLLPVAHGXHCWKJ-UHFFFAOYSA-N,https://pubchem.ncbi.nlm.nih.gov/compound/40326,https://pubchem.ncbi.nlm.nih.gov/rest/pug/compound/cid/40326/PNG,structure_available,
48,Phenol,METABOLITE,,996,C1=CC=C(C=C1)O,ISWSIDIOOBJBQZ-UHFFFAOYSA-N,https://pubchem.ncbi.nlm.nih.gov/compound/996,https://pubchem.ncbi.nlm.nih.gov/rest/pug/compound/cid/996/PNG,structure_available,
32,Phenylhydrazine,METABOLITE,,7516,C1=CC=C(C=C1)NN,HKOOXMFOFWEVGF-UHFFFAOYSA-N,https://pubchem.ncbi.nlm.nih.gov/compound/7516,https://pubchem.ncbi.nlm.nih.gov/rest/pug/compound/cid/7516/PNG,structure_available,
237,Phorate,PESTICIDE,,4790,CCOP(=S)(OCC)SCSCC,BULVZWIRKLYCBC-UHFFFAOYSA-N,https://pubchem.ncbi.nlm.nih.gov/compound/4790,https://pubchem.ncbi.nlm.nih.gov/rest/pug/compound/cid/4790/PNG,structure_available,
238,Phorate phosphoester-cleavage products,METABOLITE,,,,,,,no_single_structure_assigned,"No single SMILES/structure is assigned because this entry represents a mixture, grouped pathway products, or an unresolved transformation-product label rather than one discrete compound."
11,Phosmet,PESTICIDE,,12901,COP(=S)(OC)SCN1C(=O)C2=CC=CC=C2C1=O,LMNZTLDVJIUSHT-UHFFFAOYSA-N,https://pubchem.ncbi.nlm.nih.gov/compound/12901,https://pubchem.ncbi.nlm.nih.gov/rest/pug/compound/cid/12901/PNG,structure_available,Parent pesticide represented in PesticideDB pathway evidence records.
61,Phosphenothioic S-acid + phosphenamide,METABOLITE,,,,,,,no_single_structure_assigned,"No single SMILES/structure is assigned because this entry represents a mixture, grouped pathway products, or an unresolved transformation-product label rather than one discrete compound."
226,Phosphonic acid,PESTICIDE,,407,OP(=O)O,ABLZXFCXXLZCGV-UHFFFAOYSA-N,https://pubchem.ncbi.nlm.nih.gov/compound/407,https://pubchem.ncbi.nlm.nih.gov/rest/pug/compound/cid/407/PNG,structure_available,
56,Phosphoric acid + CO2,METABOLITE,,,,,,,no_single_structure_assigned,"No single SMILES/structure is assigned because this entry represents a mixture, grouped pathway products, or an unresolved transformation-product label rather than one discrete compound."
80,Phthalamic acid,METABOLITE,,6957,C1=CC=C(C(=C1)C(=O)N)C(=O)O,CYMRPDYINXWJFU-UHFFFAOYSA-N,https://pubchem.ncbi.nlm.nih.gov/compound/6957,https://pubchem.ncbi.nlm.nih.gov/rest/pug/compound/cid/6957/PNG,structure_available,
81,Phthalic acid,METABOLITE,,1017,C1=CC=C(C(=C1)C(=O)O)C(=O)O,XNGIFLGASWRNHJ-UHFFFAOYSA-N,https://pubchem.ncbi.nlm.nih.gov/compound/1017,https://pubchem.ncbi.nlm.nih.gov/rest/pug/compound/cid/1017/PNG,structure_available,
78,Phthalimide,METABOLITE,,6809,C1=CC=C2C(=C1)C(=O)NC2=O,XKJCHHZQLQNZHY-UHFFFAOYSA-N,https://pubchem.ncbi.nlm.nih.gov/compound/6809,https://pubchem.ncbi.nlm.nih.gov/rest/pug/compound/cid/6809/PNG,structure_available,
12,Pinoxaden,PESTICIDE,,210326,CCC1=CC(=CC(=C1C2=C(N3CCOCCN3C2=O)OC(=O)C(C)(C)C)CC)C,MGOHCFMYLBAPRN-UHFFFAOYSA-N,https://pubchem.ncbi.nlm.nih.gov/compound/210326,https://pubchem.ncbi.nlm.nih.gov/rest/pug/compound/cid/210326/PNG,structure_available,Parent pesticide represented in PesticideDB pathway evidence records.
255,Pirimiphos-Methyl,PESTICIDE,,34526,CCN(CC)C1=NC(=CC(=N1)OP(=S)(OC)OC)C,QHOQHJPRIBSPCY-UHFFFAOYSA-N,https://pubchem.ncbi.nlm.nih.gov/compound/34526,https://pubchem.ncbi.nlm.nih.gov/rest/pug/compound/cid/34526/PNG,structure_available,
257,Prochloraz,PESTICIDE,,73665,CCCN(CCOC1=C(C=C(C=C1Cl)Cl)Cl)C(=O)N2C=CN=C2,TVLSRXXIMLFWEO-UHFFFAOYSA-N,https://pubchem.ncbi.nlm.nih.gov/compound/73665,https://pubchem.ncbi.nlm.nih.gov/rest/pug/compound/cid/73665/PNG,structure_available,
234,Profenofos,PESTICIDE,,38779,CCCSP(=O)(OCC)OC1=C(C=C(C=C1)Br)Cl,QYMMJNLHFKGANY-UHFFFAOYSA-N,https://pubchem.ncbi.nlm.nih.gov/compound/38779,https://pubchem.ncbi.nlm.nih.gov/rest/pug/compound/cid/38779/PNG,structure_available,
235,Profenofos hydrolysis products,METABOLITE,,,,,,,no_single_structure_assigned,"No single SMILES/structure is assigned because this entry represents a mixture, grouped pathway products, or an unresolved transformation-product label rather than one discrete compound."
13,Propamocarb,PESTICIDE,,32490,CCCOC(=O)NCCCN(C)C,WZZLDXDUQPOXNW-UHFFFAOYSA-N,https://pubchem.ncbi.nlm.nih.gov/compound/32490,https://pubchem.ncbi.nlm.nih.gov/rest/pug/compound/cid/32490/PNG,structure_available,Parent pesticide represented in PesticideDB pathway evidence records.
208,Propanil,PESTICIDE,,4933,CCC(=O)NC1=CC(=C(C=C1)Cl)Cl,LFULEKSKNZEWOE-UHFFFAOYSA-N,https://pubchem.ncbi.nlm.nih.gov/compound/4933,https://pubchem.ncbi.nlm.nih.gov/rest/pug/compound/cid/4933/PNG,structure_available,
14,Propargite,PESTICIDE,,4936,CC(C)(C)C1=CC=C(C=C1)OC2CCCCC2OS(=O)OCC#C,ZYHMJXZULPZUED-UHFFFAOYSA-N,https://pubchem.ncbi.nlm.nih.gov/compound/4936,https://pubchem.ncbi.nlm.nih.gov/rest/pug/compound/cid/4936/PNG,structure_available,Parent pesticide represented in PesticideDB pathway evidence records.
176,Propiconazole,PESTICIDE,,43234,CCCC1COC(O1)(CN2C=NC=N2)C3=C(C=C(C=C3)Cl)Cl,STJLVHWMYQXCPB-UHFFFAOYSA-N,https://pubchem.ncbi.nlm.nih.gov/compound/43234,https://pubchem.ncbi.nlm.nih.gov/rest/pug/compound/cid/43234/PNG,structure_available,
301,Propoxur,PESTICIDE,,4944,CC(C)OC1=CC=CC=C1OC(=O)NC,ISRUGXGCCGIOQO-UHFFFAOYSA-N,https://pubchem.ncbi.nlm.nih.gov/compound/4944,https://pubchem.ncbi.nlm.nih.gov/rest/pug/compound/cid/4944/PNG,structure_available,
248,Propylene oxide,PESTICIDE,,6378,CC1CO1,GOOHAUXETOMSMM-UHFFFAOYSA-N,https://pubchem.ncbi.nlm.nih.gov/compound/6378,https://pubchem.ncbi.nlm.nih.gov/rest/pug/compound/cid/6378/PNG,structure_available,
249,Propylene oxide oxidation products,METABOLITE,,,,,,,no_single_structure_assigned,"No single SMILES/structure is assigned because this entry represents a mixture, grouped pathway products, or an unresolved transformation-product label rather than one discrete compound."
275,Prothioconazole,PESTICIDE,,6451142,C1CC1(C(CC2=CC=CC=C2Cl)(CN3C(=S)N=CN3)O)Cl,MNHVNIJQQRJYDH-UHFFFAOYSA-N,https://pubchem.ncbi.nlm.nih.gov/compound/6451142,https://pubchem.ncbi.nlm.nih.gov/rest/pug/compound/cid/6451142/PNG,structure_available,
15,Pymetrozine,PESTICIDE,,9576037,CC1=NNC(=O)N(C1)/N=C/C2=CN=CC=C2,QHMTXANCGGJZRX-WUXMJOGZSA-N,https://pubchem.ncbi.nlm.nih.gov/compound/9576037,https://pubchem.ncbi.nlm.nih.gov/rest/pug/compound/cid/9576037/PNG,structure_available,Parent pesticide represented in PesticideDB pathway evidence records.
83,Pyraclostrobin,PESTICIDE,,6422843,COC(=O)N(C1=CC=CC=C1COC2=NN(C=C2)C3=CC=C(C=C3)Cl)OC,HZRSNVGNWUDEFX-UHFFFAOYSA-N,https://pubchem.ncbi.nlm.nih.gov/compound/6422843,https://pubchem.ncbi.nlm.nih.gov/rest/pug/compound/cid/6422843/PNG,structure_available,
84,Pyraclostrobin acid,METABOLITE,,,,,,,no_single_structure_assigned,"No single SMILES/structure is assigned because this entry represents a mixture, grouped pathway products, or an unresolved transformation-product label rather than one discrete compound."
245,Pyrethroid degradation products not resolved in current database source,METABOLITE,,,,,,,no_single_structure_assigned,"No single SMILES/structure is assigned because this entry represents a mixture, grouped pathway products, or an unresolved transformation-product label rather than one discrete compound."
233,Pyrethroid ester-cleavage products,METABOLITE,,,,,,,no_single_structure_assigned,"No single SMILES/structure is assigned because this entry represents a mixture, grouped pathway products, or an unresolved transformation-product label rather than one discrete compound."
297,Pyrimethanil,PESTICIDE,,91650,CC1=CC(=NC(=N1)NC2=CC=CC=C2)C,ZLIBICFPKPWGIZ-UHFFFAOYSA-N,https://pubchem.ncbi.nlm.nih.gov/compound/91650,https://pubchem.ncbi.nlm.nih.gov/rest/pug/compound/cid/91650/PNG,structure_available,
230,Quinclorac,PESTICIDE,,91739,C1=CC(=C(C2=NC=C(C=C21)Cl)C(=O)O)Cl,FFSSWMQPCJRCRV-UHFFFAOYSA-N,https://pubchem.ncbi.nlm.nih.gov/compound/91739,https://pubchem.ncbi.nlm.nih.gov/rest/pug/compound/cid/91739/PNG,structure_available,
214,Quintozene,PESTICIDE,,6720,C1(=C(C(=C(C(=C1Cl)Cl)Cl)Cl)Cl)[N+](=O)[O-],LKPLKUMXSAEKID-UHFFFAOYSA-N,https://pubchem.ncbi.nlm.nih.gov/compound/6720,https://pubchem.ncbi.nlm.nih.gov/rest/pug/compound/cid/6720/PNG,structure_available,
215,Reduced pendimethalin metabolite,METABOLITE,,,,,,,no_single_structure_assigned,"No single SMILES/structure is assigned because this entry represents a mixture, grouped pathway products, or an unresolved transformation-product label rather than one discrete compound."
60,S-methyl O-hydrogen phosphorothioamidate,METABOLITE,,,,,,,no_single_structure_assigned,"No single SMILES/structure is assigned because this entry represents a mixture, grouped pathway products, or an unresolved transformation-product label rather than one discrete compound."
72,SYN 521195,METABOLITE,,,,,,,no_single_structure_assigned,"No single SMILES/structure is assigned because this entry represents a mixture, grouped pathway products, or an unresolved transformation-product label rather than one discrete compound."
70,SYN 536638,METABOLITE,,139596233,COC1=C(C=CC(=C1)CCNC(=O)C(C2=CC=C(C=C2)Cl)OCC#C)OCC=C,NIKVRAQEPYQAAH-UHFFFAOYSA-N,https://pubchem.ncbi.nlm.nih.gov/compound/139596233,https://pubchem.ncbi.nlm.nih.gov/rest/pug/compound/cid/139596233/PNG,structure_available,
73,SYN 539678,METABOLITE,,,,,,,no_single_structure_assigned,"No single SMILES/structure is assigned because this entry represents a mixture, grouped pathway products, or an unresolved transformation-product label rather than one discrete compound."
124,Sarcosine,METABOLITE,,1088,CNCC(=O)O,FSYKKLYZXJSNPZ-UHFFFAOYSA-N,https://pubchem.ncbi.nlm.nih.gov/compound/1088,https://pubchem.ncbi.nlm.nih.gov/rest/pug/compound/cid/1088/PNG,structure_available,
16,Spirodiclofen,PESTICIDE,,177863,CCC(C)(C)C(=O)OC1=C(C(=O)OC12CCCCC2)C3=C(C=C(C=C3)Cl)Cl,DTDSAWVUFPGDMX-UHFFFAOYSA-N,https://pubchem.ncbi.nlm.nih.gov/compound/177863,https://pubchem.ncbi.nlm.nih.gov/rest/pug/compound/cid/177863/PNG,structure_available,Parent pesticide represented in PesticideDB pathway evidence records.
102,Spirodiclofen-enol,METABOLITE,,54719923,C1CCC2(CC1)C(=C(C(=O)O2)C3=C(C=C(C=C3)Cl)Cl)O,KIKARNYYJSEROI-UHFFFAOYSA-N,https://pubchem.ncbi.nlm.nih.gov/compound/54719923,https://pubchem.ncbi.nlm.nih.gov/rest/pug/compound/cid/54719923/PNG,structure_available,
219,Sulfoxaflor,PESTICIDE,,16723172,CC(C1=CN=C(C=C1)C(F)(F)F)S(=NC#N)(=O)C,ZVQOOHYFBIDMTQ-UHFFFAOYSA-N,https://pubchem.ncbi.nlm.nih.gov/compound/16723172,https://pubchem.ncbi.nlm.nih.gov/rest/pug/compound/cid/16723172/PNG,structure_available,
220,Sulfoxaflor amide,METABOLITE,,,,,,,no_single_structure_assigned,"No single SMILES/structure is assigned because this entry represents a mixture, grouped pathway products, or an unresolved transformation-product label rather than one discrete compound."
181,TP256 (hydroxyl-bentazone),METABOLITE,,,,,,,no_single_structure_assigned,"No single SMILES/structure is assigned because this entry represents a mixture, grouped pathway products, or an unresolved transformation-product label rather than one discrete compound."
182,TP268 (oxidized N-methyl-bentazone form),METABOLITE,,,,,,,no_single_structure_assigned,"No single SMILES/structure is assigned because this entry represents a mixture, grouped pathway products, or an unresolved transformation-product label rather than one discrete compound."
183,TP284a (further oxidized N-methyl-bentazone form),METABOLITE,,,,,,,no_single_structure_assigned,"No single SMILES/structure is assigned because this entry represents a mixture, grouped pathway products, or an unresolved transformation-product label rather than one discrete compound."
184,TP284b (carboxylated bentazone form),METABOLITE,,,,,,,no_single_structure_assigned,"No single SMILES/structure is assigned because this entry represents a mixture, grouped pathway products, or an unresolved transformation-product label rather than one discrete compound."
185,TP285 (hydroxylated N-nitroso bentazone form),METABOLITE,,,,,,,no_single_structure_assigned,"No single SMILES/structure is assigned because this entry represents a mixture, grouped pathway products, or an unresolved transformation-product label rather than one discrete compound."
251,Tebuconazole,PESTICIDE,,86102,CC(C)(C)C(CCC1=CC=C(C=C1)Cl)(CN2C=NC=N2)O,PXMNMQRDXWABCY-UHFFFAOYSA-N,https://pubchem.ncbi.nlm.nih.gov/compound/86102,https://pubchem.ncbi.nlm.nih.gov/rest/pug/compound/cid/86102/PNG,structure_available,
17,Teflubenzuron,PESTICIDE,,91734,C1=CC(=C(C(=C1)F)C(=O)NC(=O)NC2=CC(=C(C(=C2F)Cl)F)Cl)F,CJDWRQLODFKPEL-UHFFFAOYSA-N,https://pubchem.ncbi.nlm.nih.gov/compound/91734,https://pubchem.ncbi.nlm.nih.gov/rest/pug/compound/cid/91734/PNG,structure_available,Parent pesticide represented in PesticideDB pathway evidence records.
298,Thiabendazole,PESTICIDE,,5430,C1=CC=C2C(=C1)NC(=N2)C3=CSC=N3,WJCNZQLZVWNLKY-UHFFFAOYSA-N,https://pubchem.ncbi.nlm.nih.gov/compound/5430,https://pubchem.ncbi.nlm.nih.gov/rest/pug/compound/cid/5430/PNG,structure_available,
246,Thiacloprid,PESTICIDE,,115224,C1CSC(=NC#N)N1CC2=CN=C(C=C2)Cl,HOKKPVIRMVDYPB-UHFFFAOYSA-N,https://pubchem.ncbi.nlm.nih.gov/compound/115224,https://pubchem.ncbi.nlm.nih.gov/rest/pug/compound/cid/115224/PNG,structure_available,
247,Thiacloprid transformation products not resolved in current database source,METABOLITE,,,,,,,no_single_structure_assigned,"No single SMILES/structure is assigned because this entry represents a mixture, grouped pathway products, or an unresolved transformation-product label rather than one discrete compound."
18,Thiamethoxam,PESTICIDE,,5821911,CN\1COCN(/C1=N/[N+](=O)[O-])CC2=CN=C(S2)Cl,NWWZPOKUUAIXIW-DHZHZOJOSA-N,https://pubchem.ncbi.nlm.nih.gov/compound/5821911,https://pubchem.ncbi.nlm.nih.gov/rest/pug/compound/cid/5821911/PNG,structure_available,Parent pesticide represented in PesticideDB pathway evidence records.
19,Thiophanate-Methyl,PESTICIDE,,3032791,COC(=O)NC(=S)NC1=CC=CC=C1NC(=S)NC(=O)OC,QGHREAKMXXNCOA-UHFFFAOYSA-N,https://pubchem.ncbi.nlm.nih.gov/compound/3032791,https://pubchem.ncbi.nlm.nih.gov/rest/pug/compound/cid/3032791/PNG,structure_available,Parent pesticide represented in PesticideDB pathway evidence records.
65,Thiophanate-methyl,PESTICIDE,,3032791,COC(=O)NC(=S)NC1=CC=CC=C1NC(=S)NC(=O)OC,QGHREAKMXXNCOA-UHFFFAOYSA-N,https://pubchem.ncbi.nlm.nih.gov/compound/3032791,https://pubchem.ncbi.nlm.nih.gov/rest/pug/compound/cid/3032791/PNG,structure_available,Duplicate naming variant; structure metadata copied from Thiophanate-Methyl.
20,Triazophos,PESTICIDE,,32184,CCOP(=S)(OCC)OC1=NN(C=N1)C2=CC=CC=C2,AMFGTOFWMRQMEM-UHFFFAOYSA-N,https://pubchem.ncbi.nlm.nih.gov/compound/32184,https://pubchem.ncbi.nlm.nih.gov/rest/pug/compound/cid/32184/PNG,structure_available,Parent pesticide represented in PesticideDB pathway evidence records.
21,Trifloxystrobin,PESTICIDE,,11664966,C/C(=N\OCC1=CC=CC=C1/C(=N\OC)/C(=O)OC)/C2=CC(=CC=C2)C(F)(F)F,ONCZDRURRATYFI-TVJDWZFNSA-N,https://pubchem.ncbi.nlm.nih.gov/compound/11664966,https://pubchem.ncbi.nlm.nih.gov/rest/pug/compound/cid/11664966/PNG,structure_available,Parent pesticide represented in PesticideDB pathway evidence records.
82,Trifloxystrobin acid,METABOLITE,,22899348,C/C(=N\OCC1=CC=CC=C1/C(=N\OC)/C(=O)O)/C2=CC(=CC=C2)C(F)(F)F,ISZQNKFXNXQTTF-NACSPRHISA-N,https://pubchem.ncbi.nlm.nih.gov/compound/22899348,https://pubchem.ncbi.nlm.nih.gov/rest/pug/compound/cid/22899348/PNG,structure_available,
34,Urea thiamethoxam,METABOLITE,,,,,,,no_single_structure_assigned,"No single SMILES/structure is assigned because this entry represents a mixture, grouped pathway products, or an unresolved transformation-product label rather than one discrete compound."
22,Vinclozolin,PESTICIDE,,39676,CC1(C(=O)N(C(=O)O1)C2=CC(=CC(=C2)Cl)Cl)C=C,FSCWZHGZWWDELK-UHFFFAOYSA-N,https://pubchem.ncbi.nlm.nih.gov/compound/39676,https://pubchem.ncbi.nlm.nih.gov/rest/pug/compound/cid/39676/PNG,structure_available,Parent pesticide represented in PesticideDB pathway evidence records.
240,beta-cyfluthrin,PESTICIDE,,56608859,CC1([C@H](C1C=C(Cl)Cl)C(=O)O[C@@H](C#N)C2=CC(=C(C=C2)F)OC3=CC=CC=C3)C,QQODLKZGRKWIFG-RUTXASTPSA-N,https://pubchem.ncbi.nlm.nih.gov/compound/56608859,https://pubchem.ncbi.nlm.nih.gov/rest/pug/compound/cid/56608859/PNG,structure_available,
211,p-nitrophenol + dimethyl thiophosphate,METABOLITE,,,,,,,no_single_structure_assigned,"No single SMILES/structure is assigned because this entry represents a mixture, grouped pathway products, or an unresolved transformation-product label rather than one discrete compound."
