paper_id,filename,title_from_filename,file_status,curation_priority,priority_reason,curation_decision,next_action
CPF-P001,A_Comprehensive_Review_of_Multifunctional_Nanozymes_for_Degradation_and_Detectio.pdf,A Comprehensive Review of Multifunctional Nanozymes for Degradation and Detectio,HTML placeholder saved as .pdf,Low,Likely unrelated to chlorpyrifos pathway curation,Cannot curate from current file,Re-download the real article PDF or provide DOI/full text
CPF-P002,A_Novel_Organophosphorus_Acid_Anhydrolase_from_Deep_Sea_Sediment_with_High_Degra.pdf,A Novel Organophosphorus Acid Anhydrolase from Deep Sea Sediment with High Degra,HTML placeholder saved as .pdf,High,Likely microbial/enzyme/pathway evidence if the real PDF is obtained,Cannot curate from current file,Re-download the real article PDF or provide DOI/full text
CPF-P003,A_biomarker_validation_study_of_prenatal_chlorpyrifos_exposure_within_an_inner_c.pdf,A biomarker validation study of prenatal chlorpyrifos exposure within an inner c,HTML placeholder saved as .pdf,Low,"Likely abiotic, toxicology, residue, sensor, or review record; not primary microbial pathway evidence",Cannot curate from current file,Re-download the real article PDF or provide DOI/full text
CPF-P004,A_modeling_framework_for_estimating_children_s_residential_exposure_and_dose_to_.pdf,A modeling framework for estimating children s residential exposure and dose to,HTML placeholder saved as .pdf,Low,Likely unrelated to chlorpyrifos pathway curation,Cannot curate from current file,Re-download the real article PDF or provide DOI/full text
CPF-P005,Aerobic_dichlorvos_degradation_by__i_Pseudomonas_stutzeri__i__smk__complete_path.pdf,Aerobic dichlorvos degradation by Pseudomonas stutzeri smk complete path,HTML placeholder saved as .pdf,Low,Likely unrelated to chlorpyrifos pathway curation,Cannot curate from current file,Re-download the real article PDF or provide DOI/full text
CPF-P006,Amelioration_of_Chlorpyrifos_Induced_Toxicity_in__i_Brassica_juncea__i__L__by_Co.pdf,Amelioration of Chlorpyrifos Induced Toxicity in Brassica juncea L by Co,HTML placeholder saved as .pdf,Low,"Likely abiotic, toxicology, residue, sensor, or review record; not primary microbial pathway evidence",Cannot curate from current file,Re-download the real article PDF or provide DOI/full text
CPF-P007,An_Aptasensor_Based_on_a_Flexible_Screen_Printed_Silver_Electrode_for_the_Rapid_.pdf,An Aptasensor Based on a Flexible Screen Printed Silver Electrode for the Rapid,HTML placeholder saved as .pdf,Low,Likely unrelated to chlorpyrifos pathway curation,Cannot curate from current file,Re-download the real article PDF or provide DOI/full text
CPF-P008,An_Overview_of_Photocatalytic_Membrane_Degradation_Development_.pdf,An Overview of Photocatalytic Membrane Degradation Development,HTML placeholder saved as .pdf,Low,Likely unrelated to chlorpyrifos pathway curation,Cannot curate from current file,Re-download the real article PDF or provide DOI/full text
CPF-P009,An_invertebrate_model_of_the_developmental_neurotoxicity_of_insecticides__effect.pdf,An invertebrate model of the developmental neurotoxicity of insecticides effect,HTML placeholder saved as .pdf,Low,Likely unrelated to chlorpyrifos pathway curation,Cannot curate from current file,Re-download the real article PDF or provide DOI/full text
CPF-P010,Antioxidant_and_Protective_Effects_of__i_Artemisia_campestris__i__Essential_Oil_.pdf,Antioxidant and Protective Effects of Artemisia campestris Essential Oil,HTML placeholder saved as .pdf,Low,Likely unrelated to chlorpyrifos pathway curation,Cannot curate from current file,Re-download the real article PDF or provide DOI/full text
CPF-P011,Application_of_Fe_MOFs_in_Photodegradation_and_Removal_of_Air_and_Water_Pollutan.pdf,Application of Fe MOFs in Photodegradation and Removal of Air and Water Pollutan,HTML placeholder saved as .pdf,Low,Likely unrelated to chlorpyrifos pathway curation,Cannot curate from current file,Re-download the real article PDF or provide DOI/full text
CPF-P012,Application_of_Viscose_Based_Porous_Carbon_Fibers_in_Food_Processing_Malathion_a.pdf,Application of Viscose Based Porous Carbon Fibers in Food Processing Malathion a,HTML placeholder saved as .pdf,Low,Likely unrelated to chlorpyrifos pathway curation,Cannot curate from current file,Re-download the real article PDF or provide DOI/full text
CPF-P013,Biodegradation_and_metabolic_pathway_of_fenvalerate_by_Citrobacter_freundii_CD_9.pdf,Biodegradation and metabolic pathway of fenvalerate by Citrobacter freundii CD 9,HTML placeholder saved as .pdf,Low,Likely unrelated to chlorpyrifos pathway curation,Cannot curate from current file,Re-download the real article PDF or provide DOI/full text
CPF-P014,Biodegradation_of_Iprodione_and_Chlorpyrifos_Using_an_Immobilized_Bacterial_Cons.pdf,Biodegradation of Iprodione and Chlorpyrifos Using an Immobilized Bacterial Cons,HTML placeholder saved as .pdf,High,Likely microbial/enzyme/pathway evidence if the real PDF is obtained,Cannot curate from current file,Re-download the real article PDF or provide DOI/full text
CPF-P015,Biodegradation_of_chlorpyrifos_and_its_hydrolysis_product_3_5_6_trichloro_2_pyri.pdf,Biodegradation of chlorpyrifos and its hydrolysis product 3 5 6 trichloro 2 pyri,HTML placeholder saved as .pdf,High,Likely microbial/enzyme/pathway evidence if the real PDF is obtained,Cannot curate from current file,Re-download the real article PDF or provide DOI/full text
CPF-P016,Biodegradation_of_chlorpyrifos_by_enterobacter_strain_B_14_and_its_use_in_biorem.pdf,Biodegradation of chlorpyrifos by enterobacter strain B 14 and its use in biorem,HTML placeholder saved as .pdf,High,Likely microbial/enzyme/pathway evidence if the real PDF is obtained,Cannot curate from current file,Re-download the real article PDF or provide DOI/full text
CPF-P017,Biodegradation_of_chlorpyrifos_using_isolates__from_contaminated_agricultural_so.pdf,Biodegradation of chlorpyrifos using isolates from contaminated agricultural so,HTML placeholder saved as .pdf,High,Likely microbial/enzyme/pathway evidence if the real PDF is obtained,Cannot curate from current file,Re-download the real article PDF or provide DOI/full text
CPF-P018,Biodegradation_of_monocrotophos__cypermethrin___fipronil_by__i_Proteus_myxofacie.pdf,Biodegradation of monocrotophos cypermethrin fipronil by Proteus myxofacie,HTML placeholder saved as .pdf,Low,Likely unrelated to chlorpyrifos pathway curation,Cannot curate from current file,Re-download the real article PDF or provide DOI/full text
CPF-P019,Biodegradation_of_phenmedipham_by_novel__i_Ochrobactrum_anthropi__i__NC_1_.pdf,Biodegradation of phenmedipham by novel Ochrobactrum anthropi NC 1,HTML placeholder saved as .pdf,Low,Likely unrelated to chlorpyrifos pathway curation,Cannot curate from current file,Re-download the real article PDF or provide DOI/full text
CPF-P020,Biodegradation_of_polychlorinated_biphenyls__PCBs__by_the_novel_identified_cyano.pdf,Biodegradation of polychlorinated biphenyls PCBs by the novel identified cyano,HTML placeholder saved as .pdf,Low,Likely unrelated to chlorpyrifos pathway curation,Cannot curate from current file,Re-download the real article PDF or provide DOI/full text
CPF-P021,Biodegradation_of_two_organophosphorus_pesticides_in_whole_corn_silage_as_affect.pdf,Biodegradation of two organophosphorus pesticides in whole corn silage as affect,HTML placeholder saved as .pdf,High,Likely microbial/enzyme/pathway evidence if the real PDF is obtained,Cannot curate from current file,Re-download the real article PDF or provide DOI/full text
CPF-P022,Bioremediation_of_chlorpyrifos_residues_using_some_indigenous_species_of_bacteri.pdf,Bioremediation of chlorpyrifos residues using some indigenous species of bacteri,HTML placeholder saved as .pdf,Low,"Likely abiotic, toxicology, residue, sensor, or review record; not primary microbial pathway evidence",Cannot curate from current file,Re-download the real article PDF or provide DOI/full text
CPF-P023,Biotransformation_of_Chlorpyrifos__i_Shewanella_oneidensis__i__MR_1_in_the_Prese.pdf,Biotransformation of Chlorpyrifos Shewanella oneidensis MR 1 in the Prese,HTML placeholder saved as .pdf,High,Likely microbial/enzyme/pathway evidence if the real PDF is obtained,Cannot curate from current file,Re-download the real article PDF or provide DOI/full text
CPF-P024,Changes_of_field_incurred_chlorpyrifos_and_its_toxic_metabolite_residues_in_rice.pdf,Changes of field incurred chlorpyrifos and its toxic metabolite residues in rice,HTML placeholder saved as .pdf,Low,"Likely abiotic, toxicology, residue, sensor, or review record; not primary microbial pathway evidence",Cannot curate from current file,Re-download the real article PDF or provide DOI/full text
CPF-P025,Characteristics_of_Aflatoxin_B_sub_1__sub__Degradation_by__i_Stenotrophomonas_ac.pdf,Characteristics of Aflatoxin B1 Degradation by Stenotrophomonas ac,HTML placeholder saved as .pdf,Low,Likely unrelated to chlorpyrifos pathway curation,Cannot curate from current file,Re-download the real article PDF or provide DOI/full text
CPF-P026,Chemotaxis_and_degradation_of_organophosphate_compound_by_a_novel_moderately_the.pdf,Chemotaxis and degradation of organophosphate compound by a novel moderately the,HTML placeholder saved as .pdf,Medium,"Chlorpyrifos-related, but needs the real article PDF before curation",Cannot curate from current file,Re-download the real article PDF or provide DOI/full text
CPF-P027,Chlorpyrifos_Disrupts_Acetylcholine_Metabolism_Across_Model_Blood_Brain_Barrier_.pdf,Chlorpyrifos Disrupts Acetylcholine Metabolism Across Model Blood Brain Barrier,HTML placeholder saved as .pdf,Medium,"Chlorpyrifos-related, but needs the real article PDF before curation",Cannot curate from current file,Re-download the real article PDF or provide DOI/full text
CPF-P028,Chlorpyrifos___diisopropylphosphorofluoridate___and_parathion_induced_behavioral.pdf,Chlorpyrifos diisopropylphosphorofluoridate and parathion induced behavioral,HTML placeholder saved as .pdf,Medium,"Chlorpyrifos-related, but needs the real article PDF before curation",Cannot curate from current file,Re-download the real article PDF or provide DOI/full text
CPF-P029,Chlorpyrifos_and_chlorpyrifos_oxon_impair_the_transport_of_membrane_bound_organe.pdf,Chlorpyrifos and chlorpyrifos oxon impair the transport of membrane bound organe,HTML placeholder saved as .pdf,Medium,"Chlorpyrifos-related, but needs the real article PDF before curation",Cannot curate from current file,Re-download the real article PDF or provide DOI/full text
CPF-P030,Chlorpyrifos_and_neurodevelopmental_effects__a_literature_review_and_expert_elic.pdf,Chlorpyrifos and neurodevelopmental effects a literature review and expert elic,HTML placeholder saved as .pdf,Low,"Likely abiotic, toxicology, residue, sensor, or review record; not primary microbial pathway evidence",Cannot curate from current file,Re-download the real article PDF or provide DOI/full text
CPF-P031,Chlorpyrifos_degradation_efficiency_of__i_Bacillus__i__sp__laccase_immobilized_o.pdf,Chlorpyrifos degradation efficiency of Bacillus sp laccase immobilized o,HTML placeholder saved as .pdf,High,Likely microbial/enzyme/pathway evidence if the real PDF is obtained,Cannot curate from current file,Re-download the real article PDF or provide DOI/full text
CPF-P032,Chlorpyrifos_degradation_via_photoreactive_TiO_sub_2__sub__nanoparticles__Assess.pdf,Chlorpyrifos degradation via photoreactive TiO2 nanoparticles Assess,HTML placeholder saved as .pdf,Low,"Likely abiotic, toxicology, residue, sensor, or review record; not primary microbial pathway evidence",Cannot curate from current file,Re-download the real article PDF or provide DOI/full text
CPF-P033,Chlorpyrifos_fate_in_the_Arctic__Importance_of_analyte_structure_in_interactions.pdf,Chlorpyrifos fate in the Arctic Importance of analyte structure in interactions,HTML placeholder saved as .pdf,Low,"Likely abiotic, toxicology, residue, sensor, or review record; not primary microbial pathway evidence",Cannot curate from current file,Re-download the real article PDF or provide DOI/full text
CPF-P034,Chlorpyrifos_inhibits_neural_induction_via_Mfn1_mediated_mitochondrial_dysfuncti.pdf,Chlorpyrifos inhibits neural induction via Mfn1 mediated mitochondrial dysfuncti,HTML placeholder saved as .pdf,Medium,"Chlorpyrifos-related, but needs the real article PDF before curation",Cannot curate from current file,Re-download the real article PDF or provide DOI/full text
CPF-P035,Chlorpyrifos_modulates_the_mouse_gut_microbiota_and_metabolic_activity_.pdf,Chlorpyrifos modulates the mouse gut microbiota and metabolic activity,HTML placeholder saved as .pdf,Medium,"Chlorpyrifos-related, but needs the real article PDF before curation",Cannot curate from current file,Re-download the real article PDF or provide DOI/full text
CPF-P036,Chronic_Exposure_to_Chlorpyrifos_Damages_Thyroid_Activity_and_Imbalances_Hepatic.pdf,Chronic Exposure to Chlorpyrifos Damages Thyroid Activity and Imbalances Hepatic,HTML placeholder saved as .pdf,Low,"Likely abiotic, toxicology, residue, sensor, or review record; not primary microbial pathway evidence",Cannot curate from current file,Re-download the real article PDF or provide DOI/full text
CPF-P037,Cnr1_sup______sup__has_minimal_impact_on_chlorpyrifos_mediated_effects_in_the_mo.pdf,Cnr1 has minimal impact on chlorpyrifos mediated effects in the mo,HTML placeholder saved as .pdf,Medium,"Chlorpyrifos-related, but needs the real article PDF before curation",Cannot curate from current file,Re-download the real article PDF or provide DOI/full text
CPF-P038,Co_expression_network_of_long_non_coding_RNA_and_mRNA_reveals_molecular_phenotyp.pdf,Co expression network of long non coding RNA and mRNA reveals molecular phenotyp,HTML placeholder saved as .pdf,Low,Likely unrelated to chlorpyrifos pathway curation,Cannot curate from current file,Re-download the real article PDF or provide DOI/full text
CPF-P039,Colorimetric_sensing_of_chlorpyrifos_through_negative_feedback_inhibition_of_the.pdf,Colorimetric sensing of chlorpyrifos through negative feedback inhibition of the,HTML placeholder saved as .pdf,Medium,"Chlorpyrifos-related, but needs the real article PDF before curation",Cannot curate from current file,Re-download the real article PDF or provide DOI/full text
CPF-P040,Combined_biostimulation_and_bioaugmentation_for_chlorpyrifos_degradation_in_labo.pdf,Combined biostimulation and bioaugmentation for chlorpyrifos degradation in labo,HTML placeholder saved as .pdf,Medium,"Chlorpyrifos-related, but needs the real article PDF before curation",Cannot curate from current file,Re-download the real article PDF or provide DOI/full text
CPF-P041,Comparative_Genomics_of_a_Paddy_Field_Bacterial_Isolate__i_Ochrobactrum__i__sp__.pdf,Comparative Genomics of a Paddy Field Bacterial Isolate Ochrobactrum sp,HTML placeholder saved as .pdf,Low,Likely unrelated to chlorpyrifos pathway curation,Cannot curate from current file,Re-download the real article PDF or provide DOI/full text
CPF-P042,Concentration_dependent_effects_of_chlorpyrifos_oxon_on_peroxisome_proliferator_.pdf,Concentration dependent effects of chlorpyrifos oxon on peroxisome proliferator,HTML placeholder saved as .pdf,Medium,"Chlorpyrifos-related, but needs the real article PDF before curation",Cannot curate from current file,Re-download the real article PDF or provide DOI/full text
CPF-P043,Conditions_Optimizing_and_Application_of_Laccase_mediator_System__LMS__for_the_L.pdf,Conditions Optimizing and Application of Laccase mediator System LMS for the L,HTML placeholder saved as .pdf,Low,Likely unrelated to chlorpyrifos pathway curation,Cannot curate from current file,Re-download the real article PDF or provide DOI/full text
CPF-P044,Conserved_Metabolic_and_Evolutionary_Themes_in_Microbial_Degradation_of_Carbamat.pdf,Conserved Metabolic and Evolutionary Themes in Microbial Degradation of Carbamat,HTML placeholder saved as .pdf,Low,Likely unrelated to chlorpyrifos pathway curation,Cannot curate from current file,Re-download the real article PDF or provide DOI/full text
CPF-P045,Constructing_Direct_Z_Scheme_Y2TmSbO7_GdYBiNbO7_Heterojunction_Photocatalyst_wit.pdf,Constructing Direct Z Scheme Y2TmSbO7 GdYBiNbO7 Heterojunction Photocatalyst wit,HTML placeholder saved as .pdf,Low,Likely unrelated to chlorpyrifos pathway curation,Cannot curate from current file,Re-download the real article PDF or provide DOI/full text
CPF-P046,Crude_Oil_Degrading_Fingerprint_and_the_Overexpression_of_Oxidase_and_Invasive_G.pdf,Crude Oil Degrading Fingerprint and the Overexpression of Oxidase and Invasive G,HTML placeholder saved as .pdf,Low,Likely unrelated to chlorpyrifos pathway curation,Cannot curate from current file,Re-download the real article PDF or provide DOI/full text
CPF-P047,Cytochrome_P450_specific_human_PBPK_PD_models_for_the_organophosphorus_pesticide.pdf,Cytochrome P450 specific human PBPK PD models for the organophosphorus pesticide,HTML placeholder saved as .pdf,Low,"Likely abiotic, toxicology, residue, sensor, or review record; not primary microbial pathway evidence",Cannot curate from current file,Re-download the real article PDF or provide DOI/full text
CPF-P048,Decontamination_of_Chlorpyrifos_Residue_in_Soil_by_Using__i_Mentha_piperita__i__.pdf,Decontamination of Chlorpyrifos Residue in Soil by Using Mentha piperita,HTML placeholder saved as .pdf,Low,"Likely abiotic, toxicology, residue, sensor, or review record; not primary microbial pathway evidence",Cannot curate from current file,Re-download the real article PDF or provide DOI/full text
CPF-P049,Degradation_of_Pesticide_Residues_in_Water__Soil__and_Food_Products_via_Cold_Pla.pdf,Degradation of Pesticide Residues in Water Soil and Food Products via Cold Pla,HTML placeholder saved as .pdf,Low,Likely unrelated to chlorpyrifos pathway curation,Cannot curate from current file,Re-download the real article PDF or provide DOI/full text
CPF-P050,Degradation_of_Pesticides_Using_Semiconducting_and_Tetrapyrrolic_Macrocyclic_Pho.pdf,Degradation of Pesticides Using Semiconducting and Tetrapyrrolic Macrocyclic Pho,HTML placeholder saved as .pdf,Low,Likely unrelated to chlorpyrifos pathway curation,Cannot curate from current file,Re-download the real article PDF or provide DOI/full text
CPF-P051,Degradation_of_Xenobiotic_Pollutants__An_Environmentally_Sustainable_Approach_.pdf,Degradation of Xenobiotic Pollutants An Environmentally Sustainable Approach,HTML placeholder saved as .pdf,Low,Likely unrelated to chlorpyrifos pathway curation,Cannot curate from current file,Re-download the real article PDF or provide DOI/full text
CPF-P052,Degradation_of_a_New_Herbicide_Florpyrauxifen_Benzyl_in_Water__Kinetics__Various.pdf,Degradation of a New Herbicide Florpyrauxifen Benzyl in Water Kinetics Various,HTML placeholder saved as .pdf,Low,Likely unrelated to chlorpyrifos pathway curation,Cannot curate from current file,Re-download the real article PDF or provide DOI/full text
CPF-P053,Degradation_of_a_Novel_Pesticide_Antiviral_Agent_Vanisulfane_in_Aqueous_Solution.pdf,Degradation of a Novel Pesticide Antiviral Agent Vanisulfane in Aqueous Solution,HTML placeholder saved as .pdf,Low,Likely unrelated to chlorpyrifos pathway curation,Cannot curate from current file,Re-download the real article PDF or provide DOI/full text
CPF-P054,Degradation_of_different_wastewater_by_a_biological_sponge_iron_system__microbia.pdf,Degradation of different wastewater by a biological sponge iron system microbia,HTML placeholder saved as .pdf,Low,Likely unrelated to chlorpyrifos pathway curation,Cannot curate from current file,Re-download the real article PDF or provide DOI/full text
CPF-P055,Degradation_of_the_herbicide_paraquat_by_macromycetes_isolated_from_southeastern.pdf,Degradation of the herbicide paraquat by macromycetes isolated from southeastern,HTML placeholder saved as .pdf,Low,Likely unrelated to chlorpyrifos pathway curation,Cannot curate from current file,Re-download the real article PDF or provide DOI/full text
CPF-P056,Degradation_of_the_neonicotinoid_pesticide_imidacloprid_by_electrocoagulation_an.pdf,Degradation of the neonicotinoid pesticide imidacloprid by electrocoagulation an,HTML placeholder saved as .pdf,Low,Likely unrelated to chlorpyrifos pathway curation,Cannot curate from current file,Re-download the real article PDF or provide DOI/full text
CPF-P057,Degradation_strategies_of_pesticide_residue__From_chemicals_to_synthetic_biology.pdf,Degradation strategies of pesticide residue From chemicals to synthetic biology,HTML placeholder saved as .pdf,Low,Likely unrelated to chlorpyrifos pathway curation,Cannot curate from current file,Re-download the real article PDF or provide DOI/full text
CPF-P058,Determination_of_CHLORPYRIFOS_by_GC_ECD_in_water_and_its_sorption_mechanism_stud.pdf,Determination of CHLORPYRIFOS by GC ECD in water and its sorption mechanism stud,HTML placeholder saved as .pdf,Medium,"Chlorpyrifos-related, but needs the real article PDF before curation",Cannot curate from current file,Re-download the real article PDF or provide DOI/full text
CPF-P059,Development_of_a_UPLC_MS_MS_method_for_pesticide_analysis_in_paddy_water_and_eva.pdf,Development of a UPLC MS MS method for pesticide analysis in paddy water and eva,HTML placeholder saved as .pdf,Low,Likely unrelated to chlorpyrifos pathway curation,Cannot curate from current file,Re-download the real article PDF or provide DOI/full text
CPF-P060,Developmental_neurotoxicants_target_neurodifferentiation_into_the_serotonin_phen.pdf,Developmental neurotoxicants target neurodifferentiation into the serotonin phen,HTML placeholder saved as .pdf,Low,Likely unrelated to chlorpyrifos pathway curation,Cannot curate from current file,Re-download the real article PDF or provide DOI/full text
CPF-P061,Dichlorvos__chlorpyrifos_oxon_and_Aldicarb_adducts_of_butyrylcholinesterase__det.pdf,Dichlorvos chlorpyrifos oxon and Aldicarb adducts of butyrylcholinesterase det,HTML placeholder saved as .pdf,Medium,"Chlorpyrifos-related, but needs the real article PDF before curation",Cannot curate from current file,Re-download the real article PDF or provide DOI/full text
CPF-P062,Effect_of_chlorpyrifos_on_soil_microbial_diversity_and_its_biotransformation_by_.pdf,Effect of chlorpyrifos on soil microbial diversity and its biotransformation by,HTML placeholder saved as .pdf,High,Likely microbial/enzyme/pathway evidence if the real PDF is obtained,Cannot curate from current file,Re-download the real article PDF or provide DOI/full text
CPF-P063,Effect_of_developmental_chlorpyrifos_exposure__on_endocannabinoid_metabolizing_e.pdf,Effect of developmental chlorpyrifos exposure on endocannabinoid metabolizing e,HTML placeholder saved as .pdf,Low,"Likely abiotic, toxicology, residue, sensor, or review record; not primary microbial pathway evidence",Cannot curate from current file,Re-download the real article PDF or provide DOI/full text
CPF-P064,Effective_degradation_of_synthetic_micropollutants_and_real_textile_wastewater_v.pdf,Effective degradation of synthetic micropollutants and real textile wastewater v,HTML placeholder saved as .pdf,Low,Likely unrelated to chlorpyrifos pathway curation,Cannot curate from current file,Re-download the real article PDF or provide DOI/full text
CPF-P065,Effects_of_chlorpyrifos_on_non_cholinergic_toxicity_endpoints_in_immortalized_an.pdf,Effects of chlorpyrifos on non cholinergic toxicity endpoints in immortalized an,HTML placeholder saved as .pdf,Low,"Likely abiotic, toxicology, residue, sensor, or review record; not primary microbial pathway evidence",Cannot curate from current file,Re-download the real article PDF or provide DOI/full text
CPF-P066,Effects_of_chlorpyrifos_on_the_crustacean_Litopenaeus_vannamei_.pdf,Effects of chlorpyrifos on the crustacean Litopenaeus vannamei,HTML placeholder saved as .pdf,Medium,"Chlorpyrifos-related, but needs the real article PDF before curation",Cannot curate from current file,Re-download the real article PDF or provide DOI/full text
CPF-P067,Effects_of_nickel__chlorpyrifos_and_their_mixture_on_the_Dictyostelium_discoideu.pdf,Effects of nickel chlorpyrifos and their mixture on the Dictyostelium discoideu,HTML placeholder saved as .pdf,Medium,"Chlorpyrifos-related, but needs the real article PDF before curation",Cannot curate from current file,Re-download the real article PDF or provide DOI/full text
CPF-P068,Effects_of_soil_pH_on_the_biodegradation_of_chlorpyrifos_and_isolation_of_a_chlo.pdf,Effects of soil pH on the biodegradation of chlorpyrifos and isolation of a chlo,HTML placeholder saved as .pdf,High,Likely microbial/enzyme/pathway evidence if the real PDF is obtained,Cannot curate from current file,Re-download the real article PDF or provide DOI/full text
CPF-P069,Efficiency_of_the_intestinal_bacteria_in_the_degradation_of_the_toxic_pesticide_.pdf,Efficiency of the intestinal bacteria in the degradation of the toxic pesticide,HTML placeholder saved as .pdf,Low,Likely unrelated to chlorpyrifos pathway curation,Cannot curate from current file,Re-download the real article PDF or provide DOI/full text
CPF-P070,Efficient_Knocking_Out_of_the_Organophosphorus_Insecticides_Degradation_Gene__i_.pdf,Efficient Knocking Out of the Organophosphorus Insecticides Degradation Gene,HTML placeholder saved as .pdf,Medium,"Chlorpyrifos-related, but needs the real article PDF before curation",Cannot curate from current file,Re-download the real article PDF or provide DOI/full text
CPF-P071,Efficient_Nucleophilic_Degradation_of_an_Organophosphorus_Pesticide__Diazinon__M.pdf,Efficient Nucleophilic Degradation of an Organophosphorus Pesticide Diazinon M,HTML placeholder saved as .pdf,Medium,"Chlorpyrifos-related, but needs the real article PDF before curation",Cannot curate from current file,Re-download the real article PDF or provide DOI/full text
CPF-P072,Electrochemical_biosensor_based_on_cellulose_nanofibers_graphene_oxide_and_acety.pdf,Electrochemical biosensor based on cellulose nanofibers graphene oxide and acety,HTML placeholder saved as .pdf,Low,Likely unrelated to chlorpyrifos pathway curation,Cannot curate from current file,Re-download the real article PDF or provide DOI/full text
CPF-P073,Enhanced_Biodegradation_of_Phenylurea_Herbicides_by__i_Ochrobactrum_anthrophi__i.pdf,Enhanced Biodegradation of Phenylurea Herbicides by Ochrobactrum anthrophi i,HTML placeholder saved as .pdf,Low,Likely unrelated to chlorpyrifos pathway curation,Cannot curate from current file,Re-download the real article PDF or provide DOI/full text
CPF-P074,Enhanced_Carbofuran_Degradation_Using_Immobilized_and_Free_Cells_of__i_Enterobac.pdf,Enhanced Carbofuran Degradation Using Immobilized and Free Cells of Enterobac,HTML placeholder saved as .pdf,Low,Likely unrelated to chlorpyrifos pathway curation,Cannot curate from current file,Re-download the real article PDF or provide DOI/full text
CPF-P075,Enhancement_of_adsorption_efficiency_of_crystal_violet_and_chlorpyrifos_onto_pec.pdf,Enhancement of adsorption efficiency of crystal violet and chlorpyrifos onto pec,HTML placeholder saved as .pdf,Low,"Likely abiotic, toxicology, residue, sensor, or review record; not primary microbial pathway evidence",Cannot curate from current file,Re-download the real article PDF or provide DOI/full text
CPF-P076,Enhancing_the_promiscuous_phosphotriesterase_activity_of_a_thermostable_lactonas.pdf,Enhancing the promiscuous phosphotriesterase activity of a thermostable lactonas,HTML placeholder saved as .pdf,Low,Likely unrelated to chlorpyrifos pathway curation,Cannot curate from current file,Re-download the real article PDF or provide DOI/full text
CPF-P077,Enzymatic_degradation_of_organophosphorus_insecticides_decreases_toxicity_in_pla.pdf,Enzymatic degradation of organophosphorus insecticides decreases toxicity in pla,HTML placeholder saved as .pdf,Low,"Likely abiotic, toxicology, residue, sensor, or review record; not primary microbial pathway evidence",Cannot curate from current file,Re-download the real article PDF or provide DOI/full text
CPF-P078,Evaluation_of_Highly_Detectable_Pesticides_Sprayed_in__i_Brassica_napus__i__L___.pdf,Evaluation of Highly Detectable Pesticides Sprayed in Brassica napus L,HTML placeholder saved as .pdf,Low,Likely unrelated to chlorpyrifos pathway curation,Cannot curate from current file,Re-download the real article PDF or provide DOI/full text
CPF-P079,Evaluation_of_developmental_toxicity_of_chlorpyrifos_through_new_approach_method.pdf,Evaluation of developmental toxicity of chlorpyrifos through new approach method,HTML placeholder saved as .pdf,Low,"Likely abiotic, toxicology, residue, sensor, or review record; not primary microbial pathway evidence",Cannot curate from current file,Re-download the real article PDF or provide DOI/full text
CPF-P080,Exposure_Levels_of_Pyrethroids__Chlorpyrifos_and_Glyphosate_in_EU_An_Overview_of.pdf,Exposure Levels of Pyrethroids Chlorpyrifos and Glyphosate in EU An Overview of,HTML placeholder saved as .pdf,Low,"Likely abiotic, toxicology, residue, sensor, or review record; not primary microbial pathway evidence",Cannot curate from current file,Re-download the real article PDF or provide DOI/full text
CPF-P081,Exposure_to_Chlorpyrifos_Alters_Proliferation__Differentiation_and_Fatty_Acid_Up.pdf,Exposure to Chlorpyrifos Alters Proliferation Differentiation and Fatty Acid Up,HTML placeholder saved as .pdf,Low,"Likely abiotic, toxicology, residue, sensor, or review record; not primary microbial pathway evidence",Cannot curate from current file,Re-download the real article PDF or provide DOI/full text
CPF-P082,Exposure_to_chlorpyrifos_in_gaseous_and_particulate_form_in_greenhouses__a_pilot.pdf,Exposure to chlorpyrifos in gaseous and particulate form in greenhouses a pilot,HTML placeholder saved as .pdf,Low,"Likely abiotic, toxicology, residue, sensor, or review record; not primary microbial pathway evidence",Cannot curate from current file,Re-download the real article PDF or provide DOI/full text
CPF-P083,Facile_synthesis_and_characterization_of_magnetic_nanocomposite_ZnO_CoFe_sub_2__.pdf,Facile synthesis and characterization of magnetic nanocomposite ZnO CoFe2,HTML placeholder saved as .pdf,Low,Likely unrelated to chlorpyrifos pathway curation,Cannot curate from current file,Re-download the real article PDF or provide DOI/full text
CPF-P084,Fate_of_chlorpyrifos__omethoate__cypermethrin__and_deltamethrin_during_wheat_mil.pdf,Fate of chlorpyrifos omethoate cypermethrin and deltamethrin during wheat mil,HTML placeholder saved as .pdf,Low,"Likely abiotic, toxicology, residue, sensor, or review record; not primary microbial pathway evidence",Cannot curate from current file,Re-download the real article PDF or provide DOI/full text
CPF-P085,Fitness_costs_associated_with_laboratory_induced_resistance_to_chlorpyrifos_in_S.pdf,Fitness costs associated with laboratory induced resistance to chlorpyrifos in S,HTML placeholder saved as .pdf,Medium,"Chlorpyrifos-related, but needs the real article PDF before curation",Cannot curate from current file,Re-download the real article PDF or provide DOI/full text
CPF-P086,Functional_profiling_of_the_rhizospheric_Exiguobacterium_sp__for_dimethoate_degr.pdf,Functional profiling of the rhizospheric Exiguobacterium sp for dimethoate degr,HTML placeholder saved as .pdf,Low,Likely unrelated to chlorpyrifos pathway curation,Cannot curate from current file,Re-download the real article PDF or provide DOI/full text
CPF-P087,Genome_Wide_Identification_of_P450_Genes_in_Chironomid__i_Propsilocerus_akamusi_.pdf,Genome Wide Identification of P450 Genes in Chironomid Propsilocerus akamusi,HTML placeholder saved as .pdf,Low,Likely unrelated to chlorpyrifos pathway curation,Cannot curate from current file,Re-download the real article PDF or provide DOI/full text
CPF-P088,Graphene_based_functional_electrochemical_sensors_for_the_detection_of_chlorpyri.pdf,Graphene based functional electrochemical sensors for the detection of chlorpyri,HTML placeholder saved as .pdf,Low,Likely unrelated to chlorpyrifos pathway curation,Cannot curate from current file,Re-download the real article PDF or provide DOI/full text
CPF-P089,High_chlorpyrifos_resistance_in_Culex_pipiens_mosquitoes__strong_synergy_between.pdf,High chlorpyrifos resistance in Culex pipiens mosquitoes strong synergy between,HTML placeholder saved as .pdf,Medium,"Chlorpyrifos-related, but needs the real article PDF before curation",Cannot curate from current file,Re-download the real article PDF or provide DOI/full text
CPF-P090,Highly_sensitive_label_free_bio_interfacial_colorimetric_sensor_based_on_silk_fi.pdf,Highly sensitive label free bio interfacial colorimetric sensor based on silk fi,HTML placeholder saved as .pdf,Low,Likely unrelated to chlorpyrifos pathway curation,Cannot curate from current file,Re-download the real article PDF or provide DOI/full text
CPF-P091,Hydrochar_from_Agricultural_Waste_as_a_Biobased_Support_Matrix_Enhances_the_Bact.pdf,Hydrochar from Agricultural Waste as a Biobased Support Matrix Enhances the Bact,HTML placeholder saved as .pdf,Low,Likely unrelated to chlorpyrifos pathway curation,Cannot curate from current file,Re-download the real article PDF or provide DOI/full text
CPF-P092,Hydrolysis_and_Photolysis_Kinetics__and_Identification_of_Degradation_Products_o.pdf,Hydrolysis and Photolysis Kinetics and Identification of Degradation Products o,HTML placeholder saved as .pdf,Low,Likely unrelated to chlorpyrifos pathway curation,Cannot curate from current file,Re-download the real article PDF or provide DOI/full text
CPF-P093,Identification_and_degradation_characteristics_of_Bacillus_cereus_strain_WD_2_is.pdf,Identification and degradation characteristics of Bacillus cereus strain WD 2 is,HTML placeholder saved as .pdf,Low,Likely unrelated to chlorpyrifos pathway curation,Cannot curate from current file,Re-download the real article PDF or provide DOI/full text
CPF-P094,Imidacloprid_and_chlorpyrifos_insecticides_impair_migratory_ability_in_a_seed_ea.pdf,Imidacloprid and chlorpyrifos insecticides impair migratory ability in a seed ea,HTML placeholder saved as .pdf,Medium,"Chlorpyrifos-related, but needs the real article PDF before curation",Cannot curate from current file,Re-download the real article PDF or provide DOI/full text
CPF-P095,Immobilized_cells_of_a_novel_bacterium_increased_the_degradation_of__i_N___i_met.pdf,Immobilized cells of a novel bacterium increased the degradation of N met,HTML placeholder saved as .pdf,Low,Likely unrelated to chlorpyrifos pathway curation,Cannot curate from current file,Re-download the real article PDF or provide DOI/full text
CPF-P096,Impact_of_UV_B_Photoaging_on_Chlorpyrifos_Adsorption_by_PET_Microplastics__Insig.pdf,Impact of UV B Photoaging on Chlorpyrifos Adsorption by PET Microplastics Insig,HTML placeholder saved as .pdf,Low,"Likely abiotic, toxicology, residue, sensor, or review record; not primary microbial pathway evidence",Cannot curate from current file,Re-download the real article PDF or provide DOI/full text
CPF-P097,Impact_of_sonolytic_ozonation__O_sub_3___sub_US__on_degradation_of_pesticide_res.pdf,Impact of sonolytic ozonation O3 US on degradation of pesticide res,HTML placeholder saved as .pdf,Low,Likely unrelated to chlorpyrifos pathway curation,Cannot curate from current file,Re-download the real article PDF or provide DOI/full text
CPF-P098,In_Vitro_and_Computational_Response_of_Differential_Catalysis_by__i_Phlebia_brev.pdf,In Vitro and Computational Response of Differential Catalysis by Phlebia brev,HTML placeholder saved as .pdf,Low,Likely unrelated to chlorpyrifos pathway curation,Cannot curate from current file,Re-download the real article PDF or provide DOI/full text
CPF-P099,Induction_of_endocannabinoid_levels_in_juvenile_rat_brain_following_developmenta.pdf,Induction of endocannabinoid levels in juvenile rat brain following developmenta,HTML placeholder saved as .pdf,Low,Likely unrelated to chlorpyrifos pathway curation,Cannot curate from current file,Re-download the real article PDF or provide DOI/full text
CPF-P100,Influence_of__i_Bacillus_subtilis__i__and__i_Trichoderma_harzianum__i__on_Penthi.pdf,Influence of Bacillus subtilis and Trichoderma harzianum on Penthi,HTML placeholder saved as .pdf,Low,Likely unrelated to chlorpyrifos pathway curation,Cannot curate from current file,Re-download the real article PDF or provide DOI/full text
CPF-P101,Influence_of_a_Commercial_Biological_Fungicide_containing__i_Trichoderma_harzian.pdf,Influence of a Commercial Biological Fungicide containing Trichoderma harzian,HTML placeholder saved as .pdf,Low,Likely unrelated to chlorpyrifos pathway curation,Cannot curate from current file,Re-download the real article PDF or provide DOI/full text
CPF-P102,Influence_of_chlorpyrifos_exposure_on_UVB_irradiation_induced_toxicity_in_human_.pdf,Influence of chlorpyrifos exposure on UVB irradiation induced toxicity in human,HTML placeholder saved as .pdf,Low,"Likely abiotic, toxicology, residue, sensor, or review record; not primary microbial pathway evidence",Cannot curate from current file,Re-download the real article PDF or provide DOI/full text
CPF-P103,Insights_into_the_enzymatic_degradation_of_DNA_expedited_by_typical_perfluoroalk.pdf,Insights into the enzymatic degradation of DNA expedited by typical perfluoroalk,HTML placeholder saved as .pdf,Low,Likely unrelated to chlorpyrifos pathway curation,Cannot curate from current file,Re-download the real article PDF or provide DOI/full text
CPF-P104,Investigating_the_degradation_behavior_of_Cypermethrin__CYP__and_Chlorpyrifos__C.pdf,Investigating the degradation behavior of Cypermethrin CYP and Chlorpyrifos C,HTML placeholder saved as .pdf,Medium,"Chlorpyrifos-related, but needs the real article PDF before curation",Cannot curate from current file,Re-download the real article PDF or provide DOI/full text
CPF-P105,Isolation_and_Molecular_Characterization_of_Novel_Chlorpyrifos_and_3_5_6_trichlo.pdf,Isolation and Molecular Characterization of Novel Chlorpyrifos and 3 5 6 trichlo,HTML placeholder saved as .pdf,High,Likely microbial/enzyme/pathway evidence if the real PDF is obtained,Cannot curate from current file,Re-download the real article PDF or provide DOI/full text
CPF-P106,Isolation_and_characterization_of_organophosphorus_phosphatases_from__i_Bacillus.pdf,Isolation and characterization of organophosphorus phosphatases from Bacillus,HTML placeholder saved as .pdf,High,Likely microbial/enzyme/pathway evidence if the real PDF is obtained,Cannot curate from current file,Re-download the real article PDF or provide DOI/full text
CPF-P107,LC_MSMS_based_screening_of_emerging_pollutant_degradation_by_different_peroxidas.pdf,LC MSMS based screening of emerging pollutant degradation by different peroxidas,HTML placeholder saved as .pdf,Low,Likely unrelated to chlorpyrifos pathway curation,Cannot curate from current file,Re-download the real article PDF or provide DOI/full text
CPF-P108,Laboratory_Studies_about_Microplastic_Aging_and_Its_Effects_on_the_Adsorption_of.pdf,Laboratory Studies about Microplastic Aging and Its Effects on the Adsorption of,HTML placeholder saved as .pdf,Low,Likely unrelated to chlorpyrifos pathway curation,Cannot curate from current file,Re-download the real article PDF or provide DOI/full text
CPF-P109,Laccases__Production__Expression_Regulation__and_Applications_in_Pharmaceutical_.pdf,Laccases Production Expression Regulation and Applications in Pharmaceutical,HTML placeholder saved as .pdf,Low,Likely unrelated to chlorpyrifos pathway curation,Cannot curate from current file,Re-download the real article PDF or provide DOI/full text
CPF-P110,Ligninolytic_behavior_of_the_white_rot_fungus__i_Stereum_ostrea__i__under_influe.pdf,Ligninolytic behavior of the white rot fungus Stereum ostrea under influe,HTML placeholder saved as .pdf,Low,Likely unrelated to chlorpyrifos pathway curation,Cannot curate from current file,Re-download the real article PDF or provide DOI/full text
CPF-P111,Mechanism_and_kinetics_of_chlorpyrifos_co_metabolism_by_using_environment_restor.pdf,Mechanism and kinetics of chlorpyrifos co metabolism by using environment restor,HTML placeholder saved as .pdf,Medium,"Chlorpyrifos-related, but needs the real article PDF before curation",Cannot curate from current file,Re-download the real article PDF or provide DOI/full text
CPF-P112,Mechanism_and_toxicity_assessment_of_carbofuran_degradation_by_persulfate_based_.pdf,Mechanism and toxicity assessment of carbofuran degradation by persulfate based,HTML placeholder saved as .pdf,Low,Likely unrelated to chlorpyrifos pathway curation,Cannot curate from current file,Re-download the real article PDF or provide DOI/full text
CPF-P113,Mechanisms_of_oxidative_response_during_biodegradation_of_malathion_by_S__oneide.pdf,Mechanisms of oxidative response during biodegradation of malathion by S oneide,HTML placeholder saved as .pdf,Low,Likely unrelated to chlorpyrifos pathway curation,Cannot curate from current file,Re-download the real article PDF or provide DOI/full text
CPF-P114,Metabolic_Profiling_and_Comparative_Proteomic_Insight_in_Respect_of_Amidases_dur.pdf,Metabolic Profiling and Comparative Proteomic Insight in Respect of Amidases dur,HTML placeholder saved as .pdf,Low,Likely unrelated to chlorpyrifos pathway curation,Cannot curate from current file,Re-download the real article PDF or provide DOI/full text
CPF-P115,Metabolome_wide_association_study_of_the_relationship_between_chlorpyrifos_expos.pdf,Metabolome wide association study of the relationship between chlorpyrifos expos,HTML placeholder saved as .pdf,Medium,"Chlorpyrifos-related, but needs the real article PDF before curation",Cannot curate from current file,Re-download the real article PDF or provide DOI/full text
CPF-P116,Metagenomic_Functional_Potential_Predicts_Degradation_Rates_of_a_Model_Organopho.pdf,Metagenomic Functional Potential Predicts Degradation Rates of a Model Organopho,HTML placeholder saved as .pdf,Low,Likely unrelated to chlorpyrifos pathway curation,Cannot curate from current file,Re-download the real article PDF or provide DOI/full text
CPF-P117,Mice_treated_with_chlorpyrifos_or_chlorpyrifos_oxon_have_organophosphorylated_tu.pdf,Mice treated with chlorpyrifos or chlorpyrifos oxon have organophosphorylated tu,HTML placeholder saved as .pdf,Medium,"Chlorpyrifos-related, but needs the real article PDF before curation",Cannot curate from current file,Re-download the real article PDF or provide DOI/full text
CPF-P118,Microbial_Degradation_of_Naphthalene_and_Substituted_Naphthalenes__Metabolic_Div (1).pdf,Microbial Degradation of Naphthalene and Substituted Naphthalenes Metabolic Div (1),HTML placeholder saved as .pdf,Low,Likely unrelated to chlorpyrifos pathway curation,Cannot curate from current file,Re-download the real article PDF or provide DOI/full text
CPF-P119,Microbial_Degradation_of_Naphthalene_and_Substituted_Naphthalenes__Metabolic_Div.pdf,Microbial Degradation of Naphthalene and Substituted Naphthalenes Metabolic Div,HTML placeholder saved as .pdf,Low,Likely unrelated to chlorpyrifos pathway curation,Cannot curate from current file,Re-download the real article PDF or provide DOI/full text
CPF-P120,Microbial_changes_linked_to_the_accelerated_degradation_of_the_herbicide_atrazin.pdf,Microbial changes linked to the accelerated degradation of the herbicide atrazin,HTML placeholder saved as .pdf,Low,Likely unrelated to chlorpyrifos pathway curation,Cannot curate from current file,Re-download the real article PDF or provide DOI/full text
CPF-P121,Microbial_degradation_of_contaminants_of_emerging_concern__metabolic__genetic_an.pdf,Microbial degradation of contaminants of emerging concern metabolic genetic an,HTML placeholder saved as .pdf,Low,Likely unrelated to chlorpyrifos pathway curation,Cannot curate from current file,Re-download the real article PDF or provide DOI/full text
CPF-P122,Mitochondrial_Gene_Expression_of_Three_Different_Dragonflies_Under_the_Stress_of.pdf,Mitochondrial Gene Expression of Three Different Dragonflies Under the Stress of,HTML placeholder saved as .pdf,Low,Likely unrelated to chlorpyrifos pathway curation,Cannot curate from current file,Re-download the real article PDF or provide DOI/full text
CPF-P123,Modifying_effects_of_vitamin_E_on_chlorpyrifos_toxicity_in_atlantic_salmon_.pdf,Modifying effects of vitamin E on chlorpyrifos toxicity in atlantic salmon,HTML placeholder saved as .pdf,Low,"Likely abiotic, toxicology, residue, sensor, or review record; not primary microbial pathway evidence",Cannot curate from current file,Re-download the real article PDF or provide DOI/full text
CPF-P124,Morpho_Functional_Alterations_in_the_Gills_of_a_Seawater_Teleost__the_Ornate_Wra.pdf,Morpho Functional Alterations in the Gills of a Seawater Teleost the Ornate Wra,HTML placeholder saved as .pdf,Low,Likely unrelated to chlorpyrifos pathway curation,Cannot curate from current file,Re-download the real article PDF or provide DOI/full text
CPF-P125,Mycotoxin_Biodegradation_Ability_of_the_Cupriavidus_Genus_.pdf,Mycotoxin Biodegradation Ability of the Cupriavidus Genus,HTML placeholder saved as .pdf,Low,Likely unrelated to chlorpyrifos pathway curation,Cannot curate from current file,Re-download the real article PDF or provide DOI/full text
CPF-P126,Nanocellulose_Based_Materials_for_Water_Treatment__Adsorption__Photocatalytic_De.pdf,Nanocellulose Based Materials for Water Treatment Adsorption Photocatalytic De,HTML placeholder saved as .pdf,Low,Likely unrelated to chlorpyrifos pathway curation,Cannot curate from current file,Re-download the real article PDF or provide DOI/full text
CPF-P127,Nanoimages_show_disruption_of_tubulin_polymerization_by_chlorpyrifos_oxon__impli.pdf,Nanoimages show disruption of tubulin polymerization by chlorpyrifos oxon impli,HTML placeholder saved as .pdf,Medium,"Chlorpyrifos-related, but needs the real article PDF before curation",Cannot curate from current file,Re-download the real article PDF or provide DOI/full text
CPF-P128,Nb_V__containing_saponite__A_versatile_clay_for_the_catalytic_degradation_of_the.pdf,Nb V containing saponite A versatile clay for the catalytic degradation of the,HTML placeholder saved as .pdf,Low,Likely unrelated to chlorpyrifos pathway curation,Cannot curate from current file,Re-download the real article PDF or provide DOI/full text
CPF-P129,Novel_gene_clusters_and_metabolic_pathway_involved_in_3_5_6_trichloro_2_pyridino.pdf,Novel gene clusters and metabolic pathway involved in 3 5 6 trichloro 2 pyridino,HTML placeholder saved as .pdf,Low,Likely unrelated to chlorpyrifos pathway curation,Cannot curate from current file,Re-download the real article PDF or provide DOI/full text
CPF-P130,Numerical_Modeling_of_Groundwater_Pollution_by_Chlorpyrifos__Bromacil_and_Terbut.pdf,Numerical Modeling of Groundwater Pollution by Chlorpyrifos Bromacil and Terbut,HTML placeholder saved as .pdf,Low,"Likely abiotic, toxicology, residue, sensor, or review record; not primary microbial pathway evidence",Cannot curate from current file,Re-download the real article PDF or provide DOI/full text
CPF-P131,Optimization_of_Growth_Conditions_for_Chlorpyrifos_Degrading_Bacteria_in_Farm_So.pdf,Optimization of Growth Conditions for Chlorpyrifos Degrading Bacteria in Farm So,HTML placeholder saved as .pdf,High,Likely microbial/enzyme/pathway evidence if the real PDF is obtained,Cannot curate from current file,Re-download the real article PDF or provide DOI/full text
CPF-P132,Parkin_Protects_against_Oxygen_Glucose_Deprivation_Reperfusion_Insult_by_Promoti.pdf,Parkin Protects against Oxygen Glucose Deprivation Reperfusion Insult by Promoti,HTML placeholder saved as .pdf,Low,Likely unrelated to chlorpyrifos pathway curation,Cannot curate from current file,Re-download the real article PDF or provide DOI/full text
CPF-P133,Persistence_and_dissipation_of_chlorpyrifos_in_Brassica_chinensis__lettuce__cele.pdf,Persistence and dissipation of chlorpyrifos in Brassica chinensis lettuce cele,HTML placeholder saved as .pdf,Medium,"Chlorpyrifos-related, but needs the real article PDF before curation",Cannot curate from current file,Re-download the real article PDF or provide DOI/full text
CPF-P134,Persulfate_Based_Advanced_Oxidation_Process_for_Chlorpyrifos_Degradation__Mechan.pdf,Persulfate Based Advanced Oxidation Process for Chlorpyrifos Degradation Mechan,HTML placeholder saved as .pdf,Low,"Likely abiotic, toxicology, residue, sensor, or review record; not primary microbial pathway evidence",Cannot curate from current file,Re-download the real article PDF or provide DOI/full text
CPF-P135,Pesticide_Residues__Glyphosate_Adsorption_and_Degradation_Characteristics_in_Eth.pdf,Pesticide Residues Glyphosate Adsorption and Degradation Characteristics in Eth,HTML placeholder saved as .pdf,Low,Likely unrelated to chlorpyrifos pathway curation,Cannot curate from current file,Re-download the real article PDF or provide DOI/full text
CPF-P136,Pharmacokinetics_and_pharmacodynamics_of_chlorpyrifos_in_adult_male_Long_Evans_r.pdf,Pharmacokinetics and pharmacodynamics of chlorpyrifos in adult male Long Evans r,HTML placeholder saved as .pdf,Medium,"Chlorpyrifos-related, but needs the real article PDF before curation",Cannot curate from current file,Re-download the real article PDF or provide DOI/full text
CPF-P137,Photocatalytic_degradation_of_dimethoate_in_Bok_choy_using_cerium_doped_nano_tit.pdf,Photocatalytic degradation of dimethoate in Bok choy using cerium doped nano tit,HTML placeholder saved as .pdf,Low,Likely unrelated to chlorpyrifos pathway curation,Cannot curate from current file,Re-download the real article PDF or provide DOI/full text
CPF-P138,Phytotoxicity_of_pesticides_mancozeb_and_chlorpyrifos__correlation_with_the_anti.pdf,Phytotoxicity of pesticides mancozeb and chlorpyrifos correlation with the anti,HTML placeholder saved as .pdf,Low,"Likely abiotic, toxicology, residue, sensor, or review record; not primary microbial pathway evidence",Cannot curate from current file,Re-download the real article PDF or provide DOI/full text
CPF-P139,Presence_of_esterase_and_laccase_in_Bacillus_subtilis_facilitates_biodegradation.pdf,Presence of esterase and laccase in Bacillus subtilis facilitates biodegradation,HTML placeholder saved as .pdf,Low,Likely unrelated to chlorpyrifos pathway curation,Cannot curate from current file,Re-download the real article PDF or provide DOI/full text
CPF-P140,Production_and_purification_of_laccase_by__i_Bacillus__i__sp__using_millet_husks.pdf,Production and purification of laccase by Bacillus sp using millet husks,HTML placeholder saved as .pdf,Low,Likely unrelated to chlorpyrifos pathway curation,Cannot curate from current file,Re-download the real article PDF or provide DOI/full text
CPF-P141,Protective_effect_of_fisetin_against_subchronic_chlorpyrifos_induced_toxicity_on.pdf,Protective effect of fisetin against subchronic chlorpyrifos induced toxicity on,HTML placeholder saved as .pdf,Low,"Likely abiotic, toxicology, residue, sensor, or review record; not primary microbial pathway evidence",Cannot curate from current file,Re-download the real article PDF or provide DOI/full text
CPF-P142,Purification_and_characterization_of_a_novel_chlorpyrifos_hydrolase_from_Cladosp.pdf,Purification and characterization of a novel chlorpyrifos hydrolase from Cladosp,HTML placeholder saved as .pdf,High,Likely microbial/enzyme/pathway evidence if the real PDF is obtained,Cannot curate from current file,Re-download the real article PDF or provide DOI/full text
CPF-P143,Repeated_exposures_to_low_level_chlorpyrifos_results_in_impairments_in_sustained.pdf,Repeated exposures to low level chlorpyrifos results in impairments in sustained,HTML placeholder saved as .pdf,Low,"Likely abiotic, toxicology, residue, sensor, or review record; not primary microbial pathway evidence",Cannot curate from current file,Re-download the real article PDF or provide DOI/full text
CPF-P144,Review_of_the_existing_maximum_residue_levels_for_chlorpyrifos_according_to_Arti.pdf,Review of the existing maximum residue levels for chlorpyrifos according to Arti,HTML placeholder saved as .pdf,Low,"Likely abiotic, toxicology, residue, sensor, or review record; not primary microbial pathway evidence",Cannot curate from current file,Re-download the real article PDF or provide DOI/full text
CPF-P145,Review_of_the_existing_maximum_residue_levels_for_chlorpyrifos_methyl_according_.pdf,Review of the existing maximum residue levels for chlorpyrifos methyl according,HTML placeholder saved as .pdf,Low,"Likely abiotic, toxicology, residue, sensor, or review record; not primary microbial pathway evidence",Cannot curate from current file,Re-download the real article PDF or provide DOI/full text
CPF-P146,Role_of_Insect_Gut_Microbiota_in_Pesticide_Degradation__A_Review_.pdf,Role of Insect Gut Microbiota in Pesticide Degradation A Review,HTML placeholder saved as .pdf,Low,Likely unrelated to chlorpyrifos pathway curation,Cannot curate from current file,Re-download the real article PDF or provide DOI/full text
CPF-P147,Role_of_intravenous_lipid_emulsion_therapy_and_packed_red_blood_cell_transfusion.pdf,Role of intravenous lipid emulsion therapy and packed red blood cell transfusion,HTML placeholder saved as .pdf,Low,Likely unrelated to chlorpyrifos pathway curation,Cannot curate from current file,Re-download the real article PDF or provide DOI/full text
CPF-P148,Simultaneous_biodegradation_of_λ_cyhalothrin_pesticide_and_Vicia_faba_growth_pro.pdf,Simultaneous biodegradation of λ cyhalothrin pesticide and Vicia faba growth pro,HTML placeholder saved as .pdf,Low,Likely unrelated to chlorpyrifos pathway curation,Cannot curate from current file,Re-download the real article PDF or provide DOI/full text
CPF-P149,Single_and_Combined_Effects_of_Chlorpyrifos_and_Glyphosate_on_the_Brain_of_Commo.pdf,Single and Combined Effects of Chlorpyrifos and Glyphosate on the Brain of Commo,HTML placeholder saved as .pdf,Medium,"Chlorpyrifos-related, but needs the real article PDF before curation",Cannot curate from current file,Re-download the real article PDF or provide DOI/full text
CPF-P150,Soil_bacteria_showing_a_potential_of_chlorpyrifos_degradation_and_plant_growth_e.pdf,Soil bacteria showing a potential of chlorpyrifos degradation and plant growth e,HTML placeholder saved as .pdf,Medium,"Chlorpyrifos-related, but needs the real article PDF before curation",Cannot curate from current file,Re-download the real article PDF or provide DOI/full text
CPF-P151,Soil_bacterial_and_fungal_community_successions_under_the_stress_of_chlorpyrifos.pdf,Soil bacterial and fungal community successions under the stress of chlorpyrifos,HTML placeholder saved as .pdf,Medium,"Chlorpyrifos-related, but needs the real article PDF before curation",Cannot curate from current file,Re-download the real article PDF or provide DOI/full text
CPF-P152,Sonochemical_degradation_of_pesticides_in_aqueous_solution__investigation_on_the.pdf,Sonochemical degradation of pesticides in aqueous solution investigation on the,HTML placeholder saved as .pdf,Low,Likely unrelated to chlorpyrifos pathway curation,Cannot curate from current file,Re-download the real article PDF or provide DOI/full text
CPF-P153,Sorption_Features_of_Polyurethane_Foam_Functionalized_with_Salicylate_for_Chlorp.pdf,Sorption Features of Polyurethane Foam Functionalized with Salicylate for Chlorp,HTML placeholder saved as .pdf,Low,Likely unrelated to chlorpyrifos pathway curation,Cannot curate from current file,Re-download the real article PDF or provide DOI/full text
CPF-P154,Special_Issue__Microbial_Biodegradation_and_Biotransformation__.pdf,Special Issue Microbial Biodegradation and Biotransformation,HTML placeholder saved as .pdf,Low,Likely unrelated to chlorpyrifos pathway curation,Cannot curate from current file,Re-download the real article PDF or provide DOI/full text
CPF-P155,Specific_Effects_of_Chronic_Dietary_Exposure_to_Chlorpyrifos_on_Brain_Gene_Expre.pdf,Specific Effects of Chronic Dietary Exposure to Chlorpyrifos on Brain Gene Expre,HTML placeholder saved as .pdf,Low,"Likely abiotic, toxicology, residue, sensor, or review record; not primary microbial pathway evidence",Cannot curate from current file,Re-download the real article PDF or provide DOI/full text
CPF-P156,Subacute_developmental_exposure_of_zebrafish_to_the_organophosphate_pesticide_me.pdf,Subacute developmental exposure of zebrafish to the organophosphate pesticide me,HTML placeholder saved as .pdf,Low,"Likely abiotic, toxicology, residue, sensor, or review record; not primary microbial pathway evidence",Cannot curate from current file,Re-download the real article PDF or provide DOI/full text
CPF-P157,Sustainable_indigenous_bio_mixture_for_restoration_the_soil_point_source_polluti.pdf,Sustainable indigenous bio mixture for restoration the soil point source polluti,HTML placeholder saved as .pdf,Low,Likely unrelated to chlorpyrifos pathway curation,Cannot curate from current file,Re-download the real article PDF or provide DOI/full text
CPF-P158,The_Ameliorative_Effect_of__i_Litsea_martabanica__i___Kurz__Hook__f__Leaf_Water_.pdf,The Ameliorative Effect of Litsea martabanica Kurz Hook f Leaf Water,HTML placeholder saved as .pdf,Low,Likely unrelated to chlorpyrifos pathway curation,Cannot curate from current file,Re-download the real article PDF or provide DOI/full text
CPF-P159,The_Catalytic_Role_of_Superparamagnetic_Iron_Oxide_Nanoparticles_as_a_Support_Ma.pdf,The Catalytic Role of Superparamagnetic Iron Oxide Nanoparticles as a Support Ma,HTML placeholder saved as .pdf,Low,Likely unrelated to chlorpyrifos pathway curation,Cannot curate from current file,Re-download the real article PDF or provide DOI/full text
CPF-P160,The_Enzymatic_Antioxidants_Activities_Changes_in_Water_Plants_Tissues_Exposed_to.pdf,The Enzymatic Antioxidants Activities Changes in Water Plants Tissues Exposed to,HTML placeholder saved as .pdf,Low,Likely unrelated to chlorpyrifos pathway curation,Cannot curate from current file,Re-download the real article PDF or provide DOI/full text
CPF-P161,The_Genome_Analysis_of__i_Methylobacterium_populi__i__YC_XJ1_with_Diverse_Xenobi.pdf,The Genome Analysis of Methylobacterium populi YC XJ1 with Diverse Xenobi,HTML placeholder saved as .pdf,Low,Likely unrelated to chlorpyrifos pathway curation,Cannot curate from current file,Re-download the real article PDF or provide DOI/full text
CPF-P162,The_Simultaneous_Determination_of_Chlorpyrifos_Ethyl_and__Methyl_with_a_New_Form.pdf,The Simultaneous Determination of Chlorpyrifos Ethyl and Methyl with a New Form,HTML placeholder saved as .pdf,Medium,"Chlorpyrifos-related, but needs the real article PDF before curation",Cannot curate from current file,Re-download the real article PDF or provide DOI/full text
CPF-P163,The_cannabinoid_receptor_antagonist_AM251_increases_paraoxon_and_chlorpyrifos_ox.pdf,The cannabinoid receptor antagonist AM251 increases paraoxon and chlorpyrifos ox,HTML placeholder saved as .pdf,Medium,"Chlorpyrifos-related, but needs the real article PDF before curation",Cannot curate from current file,Re-download the real article PDF or provide DOI/full text
CPF-P164,The_hepato__and_neuroprotective_effect_of_gold_Casuarina_equisetifolia_bark_nano.pdf,The hepato and neuroprotective effect of gold Casuarina equisetifolia bark nano,HTML placeholder saved as .pdf,Low,Likely unrelated to chlorpyrifos pathway curation,Cannot curate from current file,Re-download the real article PDF or provide DOI/full text
CPF-P165,The_impact_of_novel_bacterial_strains_and_their_consortium_on_diflufenican_degra.pdf,The impact of novel bacterial strains and their consortium on diflufenican degra,HTML placeholder saved as .pdf,Low,Likely unrelated to chlorpyrifos pathway curation,Cannot curate from current file,Re-download the real article PDF or provide DOI/full text
CPF-P166,Toxic_effects_of_chlorpyrifos_on_the_growth__hematology__and_different_organs_hi.pdf,Toxic effects of chlorpyrifos on the growth hematology and different organs hi,HTML placeholder saved as .pdf,Medium,"Chlorpyrifos-related, but needs the real article PDF before curation",Cannot curate from current file,Re-download the real article PDF or provide DOI/full text
CPF-P167,Toxicity_assessment_of_chlorpyrifos_degrading_fungal_bio_composites_and_their_en.pdf,Toxicity assessment of chlorpyrifos degrading fungal bio composites and their en,HTML placeholder saved as .pdf,High,Likely microbial/enzyme/pathway evidence if the real PDF is obtained,Cannot curate from current file,Re-download the real article PDF or provide DOI/full text
CPF-P168,Toxicity_evaluation_and_degradation_of_cypermethrin_contaminated_soil_using_bioc.pdf,Toxicity evaluation and degradation of cypermethrin contaminated soil using bioc,HTML placeholder saved as .pdf,Low,Likely unrelated to chlorpyrifos pathway curation,Cannot curate from current file,Re-download the real article PDF or provide DOI/full text
CPF-P169,Variability_in_the_dynamics_of_mortality_and_immobility_responses_of_freshwater_.pdf,Variability in the dynamics of mortality and immobility responses of freshwater,HTML placeholder saved as .pdf,Low,Likely unrelated to chlorpyrifos pathway curation,Cannot curate from current file,Re-download the real article PDF or provide DOI/full text
CPF-P170,Variation_in_elemental_composition_as_influenced_by_chlorpyrifos_application_in_.pdf,Variation in elemental composition as influenced by chlorpyrifos application in,HTML placeholder saved as .pdf,Medium,"Chlorpyrifos-related, but needs the real article PDF before curation",Cannot curate from current file,Re-download the real article PDF or provide DOI/full text
CPF-P171,Zn_sup_2___sup__and_Cd_sup_2___sup__assisted_photo_catalytic_degradation_of_chlo.pdf,Zn2 and Cd2 assisted photo catalytic degradation of chlo,HTML placeholder saved as .pdf,Low,Likely unrelated to chlorpyrifos pathway curation,Cannot curate from current file,Re-download the real article PDF or provide DOI/full text
