pesticide,priority_group,specific_next_action,current_pathway_status,stepwise_arrow_count,folder_found,real_pdf_count,html_placeholder_count,top_candidate_papers,doi_candidates_from_queue,automated_evidence_signal,needed_information_for_kegg_like_arrow,recommended_next_action,sample_files_from_usb_folder
Penthiopyrad,Screened readable files - needs different product paper,PAM evidence is plant/field residue hydrolysis rather than microbial pathway evidence. Search for microbial penthiopyrad transformation products.,Needs stepwise product/intermediate screening (candidate papers available),0,Yes,12,0,"Dissipation, Residue and Dietary Intake Risk Assessment of Penthiopyrad in Eggplants and Its Removal Using Various Household Processing Techniques..pdf | Review of the existing maximum residue levels for penthiopyrad according to Article 12 of Regulation (EC) No 3962005..pdf | Simultaneous determination of penthiopyrad enantiomers and its metabolite in vegetables, fruits, and cereals using ultra-high performance liquid chromatography-tandem mass spectrometry..pdf | Comparative Biological Half-Life of Penthiopyrad and Tebufenpyrad in Angelica Leaves and Establishment of Pre-Harvest Residue Limits (PHRLs)..pdf | Dissipation, residue, stereoselectivity and dietary risk assessment of penthiopyrad and metabolite PAM on cucumber and tomato in greenhouse and field..pdf",10.3390/foods11213327; 10.3390/foods11213327/s1 | 10.2903/j.efsa; 10.2903/j.efsa.2012.2948; 10.2903/j.efsa.2013.3312; 10.2903/j.efsa.2014.3737 | 10.1002/jssc.202100446 | 10.3390/foods13111742 | 10.1002/ps.2287; 10.1007/BF02492120; 10.1016/j; 10.1016/j.agee.2021.107370,candidate_gene/enzyme_plus_pathway,"Substrate, product/intermediate, transformation type, gene/protein/enzyme if reported, organism, DOI/reference.",Screen the strongest papers for identified metabolites/products and convert supported reactions into pathway steps.,"Comparative Biological Half-Life of Penthiopyrad and Tebufenpyrad in Angelica Leaves and Establishment of Pre-Harvest Residue Limits (PHRLs)..pdf | Dissipation, Residue and Dietary Intake Risk Assessment of Penthiopyrad in Eggplants and Its Removal Using Various Household Processing Techniques..pdf | Dissipation, residue, stereoselectivity and dietary risk assessment of penthiopyrad and metabolite PAM on cucumber and tomato in greenhouse and field..pdf | Effect of microorganisms on degradation of fluopyram and tebuconazole in laboratory and field studies..pdf"
Propamocarb,Screened readable files - needs different product paper,Microbial carbamate paper reports propamocarb resistance; no product arrow. Search for other microbial propamocarb product studies.,Needs stepwise product/intermediate screening (candidate papers available),0,Yes,11,0,"Analysis of genes and metabolites associated with propamocarb hydrochloride response in tobacco.pdf | Biodegradation of soil-applied pesticides by selected strains of plant growth-promoting rhizobacteria (PGPR) and their effects on bacterial growth..pdf | Expression and functional analysis of the Propamocarb-related gene CsDIR16 in cucumbers..pdf | Overexpression of CsHMGB Alleviates Phytotoxicity and Propamocarb Residues in Cucumber.pdf | Microbial degradation of the carbamate pesticides desmedipham, phenmedipham, promecarb, and propamocarb..pdf",10.1002/agj2.20368; 10.1007/s00128-012-0703-y; 10.1007/s00726-010-0525-3; 10.1007/s11120-012 | 10.1007/s10532-011-9509-6 | 10.1186/s12870-018-1236-2; 10.4236/ajac.2011.228120; 10.5812/bhs.45306 | 10.1007/978-3-319-74057-7_7; 10.1007/BF00386001; 10.1007/bf01415704; 10.1007/s00018-007-7162-3,candidate_gene/enzyme_plus_pathway,"Substrate, product/intermediate, transformation type, gene/protein/enzyme if reported, organism, DOI/reference.",Screen the strongest papers for identified metabolites/products and convert supported reactions into pathway steps.,"Analysis of genes and metabolites associated with propamocarb hydrochloride response in tobacco.pdf | Biodegradation of soil-applied pesticides by selected strains of plant growth-promoting rhizobacteria (PGPR) and their effects on bacterial growth..pdf | Degradation of propamocarb-hydrochloride in tomatoes, potatoes and cucumber using HPLC-DAD and QuEChERS methodology..pdf | Expression and functional analysis of the Propamocarb-related gene CsDIR16 in cucumbers..pdf"
Fluxapyroxad,Screened readable files - needs different product paper,Readable files mainly quantify dissipation or persistence; product pathway not found. Search for fluxapyroxad metabolite/pathway papers with microbial or soil-product evidence.,Needs stepwise product/intermediate screening (candidate papers available),0,Yes,9,0,Investigation of Residue Dissipation of Fluxapyroxad and Its Metabolites in Chinese Cabbage and Spring Scallion Using Different Application Methods..pdf | Dissipation kinetics and biological degradation by yeast and dietary risk assessment of fluxapyroxad in apples..pdf | Degradation of Fluxapyroxad in Soils and WaterSediment Systems Under Aerobic or Anaerobic Conditions..pdf | Modification of the existing maximum residue levels for fluxapyroxad in kakiJapanese persimmons and cultivated mushrooms..pdf | Setting of import tolerances for fluxapyroxad in certain root crops and coffee beans..pdf,10.3390/plants13172448 | 10.1038/s41598-020-78177-6; 10.1186/1475-2891-3-5; 10.1371/journ | 10.1007/s00128-015-1556-y; 10.2166/WPT.2006084 | 10.2903/j.efsa.2024.8696 | 10.2903/j.efsa; 10.2903/j.efsa.2007.32r; 10.2903/j.efsa.2011.2196; 10.2903/j.efsa.2013.3312,candidate_gene/enzyme_plus_pathway,"Substrate, product/intermediate, transformation type, gene/protein/enzyme if reported, organism, DOI/reference.",Screen the strongest papers for identified metabolites/products and convert supported reactions into pathway steps.,"A Nationwide Study of Residual Fate of Fluxapyroxad and Its Metabolites in Peanut Crops Across China Assessment of Human Exposure Potential..pdf | Accumulation and growth toxicity mechanisms of fluxapyroxad revealed by physiological, hepatopancreas transcriptome, and gut microbiome analysis in Pacific white shrimp (Litopenaeus vannamei)..pdf | Degradation of Fluxapyroxad in Soils and WaterSediment Systems Under Aerobic or Anaerobic Conditions..pdf | Dissipation kinetics and biological degradation by yeast and dietary risk assessment of fluxapyroxad in apples..pdf"
Acibenzolar-S-methyl,Screened readable files - needs different product paper,Readable files reviewed; no named microbial transformation products found. Search for metabolite/product pathway papers or exclude from stepwise pathway until stronger evidence is available.,Needs stepwise product/intermediate screening (candidate papers available),0,Yes,8,0,Biodegradation of soil-applied pesticides by selected strains of plant growth-promoting rhizobacteria (PGPR) and their effects on bacterial growth..pdf | Modification of the existing maximum residue levels for acibenzolar-S-methyl in beans with pods and peas with pods..pdf | Modification of the existing maximum residue levels for acibenzolar-S-methyl in aubergines and cucurbits with edible and inedible peel..pdf | Attenuation and soil biodegradation of fungicides by using vegetated buffer strips in vineyards during a simulated rainfall-runoff event..pdf | Postharvest acibenzolar-S-methyl treatment maintains storage quality and retards softening of apple fruit..pdf,10.1007/s10532-011-9509-6 | 10.2903/j.ef; 10.2903/j.efsa.2013.3122; 10.2903/j.efsa.2017; 10.2903/j.efsa.2017.4929 | 10.2903/j.efsa; 10.2903/j.efsa.2011.2632; 10.2903/j.efsa.2017; 10.2903/j.efsa.2017.4929 | 10.1007/s11356-023-27766-9 | 10.1002/jsfa.9326; 10.1002/jsfa.9376; 10.1007/s0021; 10.1007/s4216,candidate_gene/enzyme_plus_pathway,"Substrate, product/intermediate, transformation type, gene/protein/enzyme if reported, organism, DOI/reference.",Screen the strongest papers for identified metabolites/products and convert supported reactions into pathway steps.,Attenuation and soil biodegradation of fungicides by using vegetated buffer strips in vineyards during a simulated rainfall-runoff event..pdf | Biodegradation of soil-applied pesticides by selected strains of plant growth-promoting rhizobacteria (PGPR) and their effects on bacterial growth..pdf | Influence of Bacillus subtilis and Trichoderma harzianum on Penthiopyrad Degradation under Laboratory and Field Studies.pdf | Modification of the existing maximum residue level for acibenzolar-S-methyl in hazelnuts..pdf
Pinoxaden,Screened readable files - needs different product paper,Acinetobacter paper supports degradation/predicted genes but lacks named products. Search for pinoxaden metabolites from microbial degradation.,Needs stepwise product/intermediate screening (candidate papers available),0,Yes,6,0,"Degradation Characteristics of Pinoxaden by Acinetobacter and Prediction of Related Genes.pdf | Review of the existing maximum residue levels for pinoxaden according to Article 12 of Regulation (EC) No 3962005..pdf | Aryldiones incorporating a [1,4,5]oxadiazepane ring. Part 2 chemistry and biology of the cereal herbicide pinoxaden..pdf",10.21203/rs.3.rs-1375498/v1 | 10.2903/j.efsa.2013; 10.2903/j.efsa.2018.5147; 10.2903/j.efsa.2021.6503; 10.2903/sp.efsa.2019.en-1605 | 10.1002/ps.2204,candidate_gene/enzyme_plus_pathway,"Substrate, product/intermediate, transformation type, gene/protein/enzyme if reported, organism, DOI/reference.",Screen the strongest papers for identified metabolites/products and convert supported reactions into pathway steps.,"Aryldiones incorporating a [1,4,5]oxadiazepane ring. Part 2 chemistry and biology of the cereal herbicide pinoxaden..pdf | Degradation Characteristics of Pinoxaden by Acinetobacter and Prediction of Related Genes.pdf | Growth Stage of Alopecurus myosuroides Huds. Determines the Efficacy of Pinoxaden.pdf | Mechanism for the inhibition of the carboxyltransferase domain of acetyl-coenzyme A carboxylase by pinoxaden..pdf"
Propargite,Screened readable files - needs different product paper,Pseudomonas paper explicitly did not study metabolites. Search for product-identification papers for propargite glycol ether or related products.,Needs stepwise product/intermediate screening (candidate papers available),0,Yes,4,0,"Biodegradation of propargite by Pseudomonas putida, isolated from tea rhizosphere..pdf | Calculation of pesticide degradation in decaying cotton gin trash..pdf | Setting of maximum residue limits for propargite in citrus fruits and tea..pdf",10.1016/j.jhazmat.2009.09.050 | 10.2903/j.efsa.2007.32r; 10.2903/j.efsa.2011.2087; 10.2903/j.efsa.2013.3350; 10.2903/j.efsa.2018.5193,candidate_gene/enzyme_plus_pathway,"Substrate, product/intermediate, transformation type, gene/protein/enzyme if reported, organism, DOI/reference.",Screen the strongest papers for identified metabolites/products and convert supported reactions into pathway steps.,"Biodegradation of propargite by Pseudomonas putida, isolated from tea rhizosphere..pdf | Calculation of pesticide degradation in decaying cotton gin trash..pdf | Effect of storage, washing, and cooking on the stability of five pesticides in edible fungi of Agaricus bisporus A degradation kinetic stud.pdf | Setting of maximum residue limits for propargite in citrus fruits and tea..pdf"
Fenamiphos,Screened readable files - needs different product paper,"Folder mismatch: readable files are fenamidone papers, not fenamiphos. Replace with true fenamiphos biodegradation/metabolite papers.",Needs stepwise product/intermediate screening (folder has readable PDFs),0,Yes,3,0,,,,"Substrate, product/intermediate, transformation type, gene/protein/enzyme if reported, organism, DOI/reference.",Screen the strongest papers for identified metabolites/products and convert supported reactions into pathway steps.,"Analytical method validation, dissipation and safety evaluation of combination fungicides fenamidoneâ€‰+â€‰mancozeb and iprovalicarbâ€‰+â€‰propineb inon tomato..pdf | Determination of famoxadone, fenamidone, fenhexamid and iprodione residues in greenhouse tomatoes..pdf | Dynamics and residues of mixed formulation of fenamidone and mancozeb in gherkin field ecosystem..pdf"
Propylene oxide,Placeholder files - redownload PDFs by DOI/title,"Redownload real PDF files for the top candidate titles/DOIs, then rerun PDF readability audit and pathway screening.",Full-text re-download needed,0,Yes,0,172,,,,"Readable PDFs containing chromatograms, metabolite tables, pathway schemes, or product identification.","Replace placeholder or unreadable files with real PDFs, then screen for products/intermediates.",_Core_Shell__Nanocomposites_as_Photocatalysts_for_the_Degradation_of_the_Water_P.pdf | _i_Bacilli___i_Mediated_Degradation_of_Xenobiotic_Compounds_and_Heavy_Metals_.pdf | _i_Garcinia_cambogia__i__attenuates_adipogenesis_by_affecting_CEBPB_and_SQSTM1_p.pdf | A_multiple_Kirkendall_strategy_for_converting_nanosized_zero_valent_iron_to_high.pdf
Phosphonic acid,Placeholder files - redownload PDFs by DOI/title,"Redownload real PDF files for the top candidate titles/DOIs, then rerun PDF readability audit and pathway screening.",Full-text re-download needed,0,Yes,0,96,,,,"Readable PDFs containing chromatograms, metabolite tables, pathway schemes, or product identification.","Replace placeholder or unreadable files with real PDFs, then screen for products/intermediates.",1__Acylamino_alkylphosphonic_Acids_Alkaline_Deacylation_.pdf | _2_Aminobenzothiazole__Methyl_1_1_Bisphosphonic_Acids__Targeting_Matrix_Metallop.pdf | A_Miniaturized_Method_for_Evaluating_the_Dynamic_Gas_Phase_Adsorption_and_Degrad.pdf | A_phosphonate_induced_gene_which_promotes_Penicillium_mediated_bioconversion_of_.pdf
Cyfluthrin/beta-cyfluthrin,Placeholder files - redownload PDFs by DOI/title,"Redownload real PDF files for the top candidate titles/DOIs, then rerun PDF readability audit and pathway screening.",Full-text re-download needed,0,Yes,0,48,,,,"Readable PDFs containing chromatograms, metabolite tables, pathway schemes, or product identification.","Replace placeholder or unreadable files with real PDFs, then screen for products/intermediates.",_i_Bacilli___i_Mediated_Degradation_of_Xenobiotic_Compounds_and_Heavy_Metals_.pdf | A_Critical_Review_on_Metal_Organic_Frameworks_and_Their_Composites_as_Advanced_M.pdf | Adsorption_and_Photocatalytic_Degradation_of_Pesticides_into_Nanocomposites__A_R.pdf | Bacterial_Cytochrome_P450_Involvement_in_the_Biodegradation_of_Fluorinated_Pyret.pdf
Fenitrothion,Placeholder files - redownload PDFs by DOI/title,"Redownload real PDF files for the top candidate titles/DOIs, then rerun PDF readability audit and pathway screening.",Full-text re-download needed,0,Yes,0,46,,,,"Readable PDFs containing chromatograms, metabolite tables, pathway schemes, or product identification.","Replace placeholder or unreadable files with real PDFs, then screen for products/intermediates.",_i_Bacilli___i_Mediated_Degradation_of_Xenobiotic_Compounds_and_Heavy_Metals_.pdf | _i_Solanum_Nigrum__i__Fruit_Extract_Increases_Toxicity_of_Fenitrothion_A_Synthet.pdf | A_Comprehensive_Review_of_Multifunctional_Nanozymes_for_Degradation_and_Detectio.pdf | A_Review_on_the_Degradation_of_Pollutants_by_Fenton_Like_Systems_Based_on_Zero_V.pdf
Dimethoate,Placeholder files - redownload PDFs by DOI/title,"Redownload real PDF files for the top candidate titles/DOIs, then rerun PDF readability audit and pathway screening.",Full-text re-download needed,0,Yes,0,43,,,,"Readable PDFs containing chromatograms, metabolite tables, pathway schemes, or product identification.","Replace placeholder or unreadable files with real PDFs, then screen for products/intermediates.",A_Comprehensive_Review_of_Multifunctional_Nanozymes_for_Degradation_and_Detectio.pdf | A_Novel_Molecularly_Imprinted_Quartz_Crystal_Microbalance_Sensor_Based_on_Erbium.pdf | Adsorption_and_Photocatalytic_Degradation_of_Pesticides_into_Nanocomposites__A_R.pdf | Aerobic_Degradation_of_Clothianidin_to_2_Chloro_methyl_Thiazole_and_Methyl_3__Th.pdf
Chlorantraniliprole,Placeholder files - redownload PDFs by DOI/title,"Redownload real PDF files for the top candidate titles/DOIs, then rerun PDF readability audit and pathway screening.",Full-text re-download needed,0,Yes,0,33,,,,"Readable PDFs containing chromatograms, metabolite tables, pathway schemes, or product identification.","Replace placeholder or unreadable files with real PDFs, then screen for products/intermediates.",A_mechanism_based_approach_unveils_metabolic_routes_potentially_mediating_chlora.pdf | A_reference_gene_set_for_sex_pheromone_biosynthesis_and_degradation_genes_from_t.pdf | Biochemical_basis_of_synergism_between_pathogenic_fungus_Metarhizium_anisopliae_.pdf | Chitosan_Delivered_Chlorantraniliprole_for_Pest_Control__Preparation_Optimizatio.pdf
Clothianidin,Placeholder files - redownload PDFs by DOI/title,"Redownload real PDF files for the top candidate titles/DOIs, then rerun PDF readability audit and pathway screening.",Full-text re-download needed,0,Yes,0,31,,,,"Readable PDFs containing chromatograms, metabolite tables, pathway schemes, or product identification.","Replace placeholder or unreadable files with real PDFs, then screen for products/intermediates.",A_Critical_Review_on_Metal_Organic_Frameworks_and_Their_Composites_as_Advanced_M.pdf | A_review_on_WO_sub_3__sub__photocatalysis_used_for_wastewater_treatment_and_pest.pdf | Aerobic_Degradation_of_Clothianidin_to_2_Chloro_methyl_Thiazole_and_Methyl_3__Th.pdf | Biodegradation_and_Metabolic_Pathway_of_the_Neonicotinoid_Insecticide_Thiamethox.pdf
Methomyl,Placeholder files - redownload PDFs by DOI/title,"Redownload real PDF files for the top candidate titles/DOIs, then rerun PDF readability audit and pathway screening.",Full-text re-download needed,0,Yes,0,31,,,,"Readable PDFs containing chromatograms, metabolite tables, pathway schemes, or product identification.","Replace placeholder or unreadable files with real PDFs, then screen for products/intermediates.",A_Critical_Review_on_Metal_Organic_Frameworks_and_Their_Composites_as_Advanced_M.pdf | An_outbreak_of_food_borne_illness_due_to_methomyl_pesticide_intoxication_in_Kore.pdf | Applying_molecular_oxygen_for_organic_pollutant_degradation__Strategies__mechani.pdf | Beneficial_effects_of_folic_acid_on_the_kidneys_and_testes_of_adult_albino_rats_.pdf
Diquat,Placeholder files - redownload PDFs by DOI/title,"Redownload real PDF files for the top candidate titles/DOIs, then rerun PDF readability audit and pathway screening.",Full-text re-download needed,0,Yes,0,29,,,,"Readable PDFs containing chromatograms, metabolite tables, pathway schemes, or product identification.","Replace placeholder or unreadable files with real PDFs, then screen for products/intermediates.",_i_Periplaneta__i___i_americana__i__Extract_Pretreatment_Alleviates_Oxidative_St.pdf | Absorption_and_excretion_of_diquat_and_paraquat_in_rats_.pdf | Analysis_of_Human_microRNA_Expression_Profiling_During_Diquat_Induced_Renal_Prox.pdf | Biodegradation_Capabilities_of_Paraquat_Degrading_Bacteria_Immobilized_on_Nanoce.pdf
Emamectin benzoate,Placeholder files - redownload PDFs by DOI/title,"Redownload real PDF files for the top candidate titles/DOIs, then rerun PDF readability audit and pathway screening.",Full-text re-download needed,0,Yes,0,25,,,,"Readable PDFs containing chromatograms, metabolite tables, pathway schemes, or product identification.","Replace placeholder or unreadable files with real PDFs, then screen for products/intermediates.",Application_of_Solid_Dispersion_Technique_to_Improve_Solubility_and_Sustain_Rele.pdf | Assessment_of_the_effect_of_sub_lethal_acute_toxicity_of_Emamectin_benzoate_in__.pdf | Comparative_analyses_of_the_effects_of_sublethal_doses_of_emamectin_benzoate_and.pdf | CRISPR_Cas9_Based_Functional_Characterization_of_SfUGT50A15_Reveals_Its_Roles_in.pdf
Fenpropathrin,Placeholder files - redownload PDFs by DOI/title,"Redownload real PDF files for the top candidate titles/DOIs, then rerun PDF readability audit and pathway screening.",Full-text re-download needed,0,Yes,0,25,,,,"Readable PDFs containing chromatograms, metabolite tables, pathway schemes, or product identification.","Replace placeholder or unreadable files with real PDFs, then screen for products/intermediates.",_i_Bacilli___i_Mediated_Degradation_of_Xenobiotic_Compounds_and_Heavy_Metals_.pdf | _i_Punica_granatum__i___Pomegranate__Peel_Extract_Pre_Treatment_Alleviates_Fenpr.pdf | Ameliorative_effects_of_date_palm_kernel_extract_against_fenpropathrin_induced_m.pdf | Antioxidant_Role_of__i_PcGSTd1__i__in_Fenpropathrin_Resistant_Population_of_the_.pdf
Mesotrione,Placeholder files - redownload PDFs by DOI/title,"Redownload real PDF files for the top candidate titles/DOIs, then rerun PDF readability audit and pathway screening.",Full-text re-download needed,0,Yes,0,25,,,,"Readable PDFs containing chromatograms, metabolite tables, pathway schemes, or product identification.","Replace placeholder or unreadable files with real PDFs, then screen for products/intermediates.",Adsorption_and_degradation_of_imazapic_in_soils_under_different_environmental_co.pdf | Aquatic_Macrophytes_in_the_Remediation_of_Atrazine_in_Water__A_Study_on_Herbicid.pdf | Atrazine__triketone_herbicides__and_their_degradation_products_in_sediment__soil.pdf | Bacillus_megaterium_strains_derived_from_water_and_soil_exhibit_differential_res.pdf
Metalaxyl,Placeholder files - redownload PDFs by DOI/title,"Redownload real PDF files for the top candidate titles/DOIs, then rerun PDF readability audit and pathway screening.",Full-text re-download needed,0,Yes,0,25,,,,"Readable PDFs containing chromatograms, metabolite tables, pathway schemes, or product identification.","Replace placeholder or unreadable files with real PDFs, then screen for products/intermediates.",A_review_on_WO_sub_3__sub__photocatalysis_used_for_wastewater_treatment_and_pest.pdf | Applying_the_Crystalline_Sponge_Method_to_Agrochemicals__Obtaining_X_ray_Structu.pdf | Characterizing_the_Mechanisms_of_Metalaxyl__Bronopol_and_Copper_Sulfate_against_.pdf | Conclusion_on_the_peer_review_of_the_pesticide_risk_assessment_of_the_active_sub.pdf
Prochloraz,Placeholder files - redownload PDFs by DOI/title,"Redownload real PDF files for the top candidate titles/DOIs, then rerun PDF readability audit and pathway screening.",Full-text re-download needed,0,Yes,0,25,,,,"Readable PDFs containing chromatograms, metabolite tables, pathway schemes, or product identification.","Replace placeholder or unreadable files with real PDFs, then screen for products/intermediates.",_i_Bacilli___i_Mediated_Degradation_of_Xenobiotic_Compounds_and_Heavy_Metals_.pdf | Degradation_dynamics_and_dissipation_kinetics_of_an_imidazole_fungicide__Prochlo.pdf | Dissipation_and_Dietary_Risk_Assessment_of_Prochloraz_in_Strawberries_under_Gree.pdf | Dissipation_and_Distribution_of_Prochloraz_in_Bananas_and_a_Risk_Assessment_of_I.pdf
Thiacloprid,Placeholder files - redownload PDFs by DOI/title,"Redownload real PDF files for the top candidate titles/DOIs, then rerun PDF readability audit and pathway screening.",Full-text re-download needed,0,Yes,0,25,,,,"Readable PDFs containing chromatograms, metabolite tables, pathway schemes, or product identification.","Replace placeholder or unreadable files with real PDFs, then screen for products/intermediates.",_i_Myzus_persicae__i__Management_through_Combined_Use_of_Beneficial_Insects_and_.pdf | A_Mechanistic_Approach_Toward_Enhanced_Remediation_Potential_of_Thiacloprid_by_Z.pdf | A_review_on_WO_sub_3__sub__photocatalysis_used_for_wastewater_treatment_and_pest.pdf | Application_of_Fe_MOFs_in_Photodegradation_and_Removal_of_Air_and_Water_Pollutan.pdf
Dinotefuran,Placeholder files - redownload PDFs by DOI/title,"Redownload real PDF files for the top candidate titles/DOIs, then rerun PDF readability audit and pathway screening.",Full-text re-download needed,0,Yes,0,24,,,,"Readable PDFs containing chromatograms, metabolite tables, pathway schemes, or product identification.","Replace placeholder or unreadable files with real PDFs, then screen for products/intermediates.",A_Critical_Review_on_Metal_Organic_Frameworks_and_Their_Composites_as_Advanced_M.pdf | Adsorption_and_Photocatalytic_Degradation_of_Pesticides_into_Nanocomposites__A_R.pdf | Adverse_outcome_pathway_based_assessment_of_pulmonary_toxicity_from_the__i_in_vi.pdf | Biodegradation_and_Metabolic_Pathway_of_the_Neonicotinoid_Insecticide_Thiamethox.pdf
Profenofos,Placeholder files - redownload PDFs by DOI/title,"Redownload real PDF files for the top candidate titles/DOIs, then rerun PDF readability audit and pathway screening.",Full-text re-download needed,0,Yes,0,24,,,,"Readable PDFs containing chromatograms, metabolite tables, pathway schemes, or product identification.","Replace placeholder or unreadable files with real PDFs, then screen for products/intermediates.",_i_Bacilli___i_Mediated_Degradation_of_Xenobiotic_Compounds_and_Heavy_Metals_.pdf | A_Comprehensive_Review_of_Multifunctional_Nanozymes_for_Degradation_and_Detectio.pdf | Abiotic_Degradation_of_the_Toxin_Simplexin_by_Soil_Collected_from_a__lt_i_gt_Pim.pdf | Aerobic_dichlorvos_degradation_by__i_Pseudomonas_stutzeri__i__smk__complete_path.pdf
Tebuconazole,Placeholder files - redownload PDFs by DOI/title,"Redownload real PDF files for the top candidate titles/DOIs, then rerun PDF readability audit and pathway screening.",Full-text re-download needed,0,Yes,0,24,,,,"Readable PDFs containing chromatograms, metabolite tables, pathway schemes, or product identification.","Replace placeholder or unreadable files with real PDFs, then screen for products/intermediates.",Attenuation_of_toxicity_and_occurrence_of_degradation_products_of_the_fungicide_.pdf | Degradation_dynamics_and_dissipation_kinetics_of_an_imidazole_fungicide__Prochlo.pdf | Degradation_of_Pesticides_Using_Semiconducting_and_Tetrapyrrolic_Macrocyclic_Pho.pdf | Dissipation_Kinetics_and_Risk_Assessment_of_Diniconazole__Dinotefuran__Metconazo.pdf
Thiabendazole,Placeholder files - redownload PDFs by DOI/title,"Redownload real PDF files for the top candidate titles/DOIs, then rerun PDF readability audit and pathway screening.",Full-text re-download needed,0,Yes,0,24,,,,"Readable PDFs containing chromatograms, metabolite tables, pathway schemes, or product identification.","Replace placeholder or unreadable files with real PDFs, then screen for products/intermediates.",Characterization_of_Acetamiprid_Biodegradation_by_the_Microbial_Consortium_ACE_3.pdf | Comparative_Degradation_of_a_Thiazole_Pollutant_by_an_Advanced_Oxidation_Process.pdf | Cyclins_A_and_B_associate_with_chromatin_and_the_polar_regions_of_spindles__resp.pdf | Efficient_Degradation_of_2_Mercaptobenzothiazole_and_Other_Emerging_Pollutants_b.pdf
Heptachlor,Placeholder files - redownload PDFs by DOI/title,"Redownload real PDF files for the top candidate titles/DOIs, then rerun PDF readability audit and pathway screening.",Full-text re-download needed,0,Yes,0,20,,,,"Readable PDFs containing chromatograms, metabolite tables, pathway schemes, or product identification.","Replace placeholder or unreadable files with real PDFs, then screen for products/intermediates.",Anaerobic_biodegradation_of_chlorophenols_in_fresh_and_acclimated_sludge_.pdf | Bacterial_degradation_of_aromatic_compounds_.pdf | Biochar_in_co_contaminated_soil_manipulates_arsenic_solubility_and_microbiologic.pdf | Biodegradability_and_biodegradation_pathways_of_chlorinated_cyclodiene_insectici.pdf
Fludioxonil,Placeholder files - redownload PDFs by DOI/title,"Redownload real PDF files for the top candidate titles/DOIs, then rerun PDF readability audit and pathway screening.",Full-text re-download needed,0,Yes,0,19,,,,"Readable PDFs containing chromatograms, metabolite tables, pathway schemes, or product identification.","Replace placeholder or unreadable files with real PDFs, then screen for products/intermediates.",A_Fungicide__Fludioxonil__Formed_the_Polyploid_Giant_Cancer_Cells_and_Induced_Me.pdf | Aggressiveness_and_Patulin_Production_in__i_Penicillium_expansum__i__Multidrug_R.pdf | Combining_Culture_Dependent_and_Independent_Approaches_for_the_Optimization_of_E.pdf | Degradation_of_Pesticide_Residues_in_Water__Soil__and_Food_Products_via_Cold_Pla.pdf
Indoxacarb,Placeholder files - redownload PDFs by DOI/title,"Redownload real PDF files for the top candidate titles/DOIs, then rerun PDF readability audit and pathway screening.",Full-text re-download needed,0,Yes,0,19,,,,"Readable PDFs containing chromatograms, metabolite tables, pathway schemes, or product identification.","Replace placeholder or unreadable files with real PDFs, then screen for products/intermediates.",A_systemic_study_of_indoxacarb_resistance_in_Spodoptera_litura_revealed_complex_.pdf | Behavioral_and_Transcriptomic_Analyses_in_the_Indoxacarb_Response_of_a_Non_Targe.pdf | Characterization_of_Indoxacarb_Resistance_in_the_Fall_Armyworm__Selection__Inher.pdf | Characterization_of_Spodoptera_littoralis__Lepidoptera__Noctuidae__resistance_to.pdf
Sulfoxaflor,Placeholder files - redownload PDFs by DOI/title,"Redownload real PDF files for the top candidate titles/DOIs, then rerun PDF readability audit and pathway screening.",Full-text re-download needed,0,Yes,0,18,,,,"Readable PDFs containing chromatograms, metabolite tables, pathway schemes, or product identification.","Replace placeholder or unreadable files with real PDFs, then screen for products/intermediates.",Contribution_of_insect_gut_microbiota_and_their_associated_enzymes_in_insect_phy.pdf | Differences_in_the_Sublethal_Effects_of_Sulfoxaflor_and_Acetamiprid_on_the__i_Ap.pdf | Efficient_Biodegradation_of_the_Neonicotinoid_Insecticide_Flonicamid_by_Pseudami.pdf | Impact_of_Sulfoxaflor_on_Brown_Marmorated_Stink_Bug__Developmental_and_Reproduct.pdf
Captan,Placeholder files - redownload PDFs by DOI/title,"Redownload real PDF files for the top candidate titles/DOIs, then rerun PDF readability audit and pathway screening.",Full-text re-download needed,0,Yes,0,16,,,,"Readable PDFs containing chromatograms, metabolite tables, pathway schemes, or product identification.","Replace placeholder or unreadable files with real PDFs, then screen for products/intermediates.",Biodegradation_of_propiconazole_by_newly_isolated_Burkholderia_sp__strain_BBK_9_.pdf | Dislodgeable_Foliar_Residue_Measurements_and_Assessment_of_Dermal_Exposure_to_Ca.pdf | Effect_of_plasma_activated_water_and_buffer_solution_combined_with_ultrasound_on.pdf | Effects_of_1_3_butadiene__isoprene__and_their_photochemical_degradation_products.pdf
Chlordane,Placeholder files - redownload PDFs by DOI/title,"Redownload real PDF files for the top candidate titles/DOIs, then rerun PDF readability audit and pathway screening.",Full-text re-download needed,0,Yes,0,16,,,,"Readable PDFs containing chromatograms, metabolite tables, pathway schemes, or product identification.","Replace placeholder or unreadable files with real PDFs, then screen for products/intermediates.",_i_Bacilli___i_Mediated_Degradation_of_Xenobiotic_Compounds_and_Heavy_Metals_.pdf | Alterations_in_macrophage_phagocytosis_and_inflammatory_tone_following_exposure_.pdf | Bacterial_degradation_of_aromatic_compounds_.pdf | Biodegradation_of_crystal_violet_by_the_white_rot_fungus_Phanerochaete_chrysospo.pdf
Pyrimethanil,Placeholder files - redownload PDFs by DOI/title,"Redownload real PDF files for the top candidate titles/DOIs, then rerun PDF readability audit and pathway screening.",Full-text re-download needed,0,Yes,0,16,,,,"Readable PDFs containing chromatograms, metabolite tables, pathway schemes, or product identification.","Replace placeholder or unreadable files with real PDFs, then screen for products/intermediates.",Adsorption_and_Photocatalytic_Degradation_of_Pesticides_into_Nanocomposites__A_R.pdf | Biomarkers_of_Exposure_to_Pyrimethanil_After_Controlled_Human_Experiments_.pdf | Changes_to_Soil_Microbiome_Resulting_from_Synergetic_Effects_of_Fungistatic_Comp.pdf | Conditions_Optimizing_and_Application_of_Laccase_mediator_System__LMS__for_the_L.pdf
Boscalid,Placeholder files - redownload PDFs by DOI/title,"Redownload real PDF files for the top candidate titles/DOIs, then rerun PDF readability audit and pathway screening.",Full-text re-download needed,0,Yes,0,14,,,,"Readable PDFs containing chromatograms, metabolite tables, pathway schemes, or product identification.","Replace placeholder or unreadable files with real PDFs, then screen for products/intermediates.",Contribution_of_insect_gut_microbiota_and_their_associated_enzymes_in_insect_phy.pdf | Degradation_of_Pesticide_Residues_in_Water__Soil__and_Food_Products_via_Cold_Pla.pdf | Dissipation_kinetics_and_biological_degradation_by_yeast_and_dietary_risk_assess.pdf | Dissipation_Residue_Behaviors_and_Dietary_Risk_Assessment_of_Boscalid_and_Pyracl.pdf
Dicofol,Placeholder files - redownload PDFs by DOI/title,"Redownload real PDF files for the top candidate titles/DOIs, then rerun PDF readability audit and pathway screening.",Full-text re-download needed,0,Yes,0,13,,,,"Readable PDFs containing chromatograms, metabolite tables, pathway schemes, or product identification.","Replace placeholder or unreadable files with real PDFs, then screen for products/intermediates.",A_refined_method_for_analysis_of_4_4__dicofol_and_4_4__dichlorobenzophenone_.pdf | Biodegradation_of_DDT__1_1_1_trichloro_2_2_bis_4_chlorophenyl_ethane__by_the_whi.pdf | Burning_question__Rethinking_organohalide_degradation_strategy_for_bioremediatio.pdf | Degradation_of_endrin__aldrin__and_DDT_by_soil_microorganisms_.pdf
Pirimiphos-Methyl,Placeholder files - redownload PDFs by DOI/title,"Redownload real PDF files for the top candidate titles/DOIs, then rerun PDF readability audit and pathway screening.",Full-text re-download needed,0,Yes,0,13,,,,"Readable PDFs containing chromatograms, metabolite tables, pathway schemes, or product identification.","Replace placeholder or unreadable files with real PDFs, then screen for products/intermediates.",_Quasi__Binomial_vs__Gaussian_Models_to_Evaluate_Thiamethoxam__Pirimiphos_Methyl.pdf | A_Comprehensive_Review_of_Multifunctional_Nanozymes_for_Degradation_and_Detectio.pdf | Characteristics_of_Aflatoxin_B_sub_1__sub__Degradation_by__i_Stenotrophomonas_ac.pdf | Contribution_of_insect_gut_microbiota_and_their_associated_enzymes_in_insect_phy.pdf
Quinclorac,Placeholder files - redownload PDFs by DOI/title,"Redownload real PDF files for the top candidate titles/DOIs, then rerun PDF readability audit and pathway screening.",Full-text re-download needed,0,Yes,0,13,,,,"Readable PDFs containing chromatograms, metabolite tables, pathway schemes, or product identification.","Replace placeholder or unreadable files with real PDFs, then screen for products/intermediates.",_i_Bacilli___i_Mediated_Degradation_of_Xenobiotic_Compounds_and_Heavy_Metals_.pdf | Biodegradation_of_diuron_by_an_endophytic_fungus_Neurospora_intermedia_DP8_1_iso.pdf | Combined_effects_of_micropollutants_and_their_degradation_on_prokaryotic_communi.pdf | Complementary_RNA_Sequencing_Based_Transcriptomics_and_iTRAQ_Proteomics_Reveal_t.pdf
Cyprodinil,Placeholder files - redownload PDFs by DOI/title,"Redownload real PDF files for the top candidate titles/DOIs, then rerun PDF readability audit and pathway screening.",Full-text re-download needed,0,Yes,0,12,,,,"Readable PDFs containing chromatograms, metabolite tables, pathway schemes, or product identification.","Replace placeholder or unreadable files with real PDFs, then screen for products/intermediates.",Changed_degradation_behavior_of_pesticides_when_present_in_mixtures_.pdf | Conditions_Optimizing_and_Application_of_Laccase_mediator_System__LMS__for_the_L.pdf | Degradation_of_Pesticide_Residues_in_Water__Soil__and_Food_Products_via_Cold_Pla.pdf | Effect_of_cyprodinil_and_fludioxonil_pesticides_on_bovine_liver_catalase_activit.pdf
Endrin,Placeholder files - redownload PDFs by DOI/title,"Redownload real PDF files for the top candidate titles/DOIs, then rerun PDF readability audit and pathway screening.",Full-text re-download needed,0,Yes,0,12,,,,"Readable PDFs containing chromatograms, metabolite tables, pathway schemes, or product identification.","Replace placeholder or unreadable files with real PDFs, then screen for products/intermediates.",Bacterial_degradation_of_aromatic_compounds_.pdf | Biochar_in_co_contaminated_soil_manipulates_arsenic_solubility_and_microbiologic.pdf | Biodegradability_and_biodegradation_pathways_of_chlorinated_cyclodiene_insectici.pdf | Contribution_of_insect_gut_microbiota_and_their_associated_enzymes_in_insect_phy.pdf
Esfenvalerate,Placeholder files - redownload PDFs by DOI/title,"Redownload real PDF files for the top candidate titles/DOIs, then rerun PDF readability audit and pathway screening.",Full-text re-download needed,0,Yes,0,12,,,,"Readable PDFs containing chromatograms, metabolite tables, pathway schemes, or product identification.","Replace placeholder or unreadable files with real PDFs, then screen for products/intermediates.",_i_Bacilli___i_Mediated_Degradation_of_Xenobiotic_Compounds_and_Heavy_Metals_.pdf | Contribution_of_insect_gut_microbiota_and_their_associated_enzymes_in_insect_phy.pdf | Degradation_of_the_strobilurin_fungicide_mandestrobin_in_illuminated_water_sedim.pdf | Effects_of_the_insecticide_esfenvalerate_on_zooplankton_in_an_indoor_synthetic_m.pdf
Flubendiamide,Placeholder files - redownload PDFs by DOI/title,"Redownload real PDF files for the top candidate titles/DOIs, then rerun PDF readability audit and pathway screening.",Full-text re-download needed,0,Yes,0,12,,,,"Readable PDFs containing chromatograms, metabolite tables, pathway schemes, or product identification.","Replace placeholder or unreadable files with real PDFs, then screen for products/intermediates.",A_monoclonal_antibody_based_indirect_competitive_enzyme_linked_immunosorbent_ass.pdf | Biodegradation_of_flubendiamide_by_a_newly_isolated_Chryseobacterium_sp__strain_.pdf | Biodegradation_of_pesticide_in_agricultural_soil_employing_entomopathogenic_fung.pdf | De_novo_transcriptome_and_expression_profile_analyses_of_the_Asian_corn_borer__O.pdf
Phorate,Placeholder files - redownload PDFs by DOI/title,"Redownload real PDF files for the top candidate titles/DOIs, then rerun PDF readability audit and pathway screening.",Full-text re-download needed,0,Yes,0,12,,,,"Readable PDFs containing chromatograms, metabolite tables, pathway schemes, or product identification.","Replace placeholder or unreadable files with real PDFs, then screen for products/intermediates.",A_Comprehensive_Review_of_Multifunctional_Nanozymes_for_Degradation_and_Detectio.pdf | Biodegradation_of_two_organophosphorus_pesticides_in_whole_corn_silage_as_affect.pdf | Degradation_kinetics_and_physiological_studies_of_organophosphates_degrading_mic.pdf | Degradation_of_Pesticides_Using_Semiconducting_and_Tetrapyrrolic_Macrocyclic_Pho.pdf
Chlorpropham,Placeholder files - redownload PDFs by DOI/title,"Redownload real PDF files for the top candidate titles/DOIs, then rerun PDF readability audit and pathway screening.",Full-text re-download needed,0,Yes,0,11,,,,"Readable PDFs containing chromatograms, metabolite tables, pathway schemes, or product identification.","Replace placeholder or unreadable files with real PDFs, then screen for products/intermediates.",A_multifunctional_enzyme_portfolio_for_α_chaconine_and_α_solanine_degradation_in.pdf | An_Amidase_Gene___i_ipaH__i___Is_Responsible_for_the_Initial_Step_in_the_Iprodio.pdf | Biodegradation_of_phenmedipham_by_novel__i_Ochrobactrum_anthropi__i__NC_1_.pdf | Characterization_of_a_novel_amidohydrolase_with_promiscuous_esterase_activity_fr.pdf
Ethion,Placeholder files - redownload PDFs by DOI/title,"Redownload real PDF files for the top candidate titles/DOIs, then rerun PDF readability audit and pathway screening.",Full-text re-download needed,0,Yes,0,9,,,,"Readable PDFs containing chromatograms, metabolite tables, pathway schemes, or product identification.","Replace placeholder or unreadable files with real PDFs, then screen for products/intermediates.",_i_Bacilli___i_Mediated_Degradation_of_Xenobiotic_Compounds_and_Heavy_Metals_.pdf | A_Comprehensive_Review_of_Multifunctional_Nanozymes_for_Degradation_and_Detectio.pdf | Biodegradation_of_pesticide_in_agricultural_soil_employing_entomopathogenic_fung.pdf | Chitosan_TPP_encapsulated_quercetin_nanoparticles__amplified_protection_mechanis.pdf
Ethoprophos,Placeholder files - redownload PDFs by DOI/title,"Redownload real PDF files for the top candidate titles/DOIs, then rerun PDF readability audit and pathway screening.",Full-text re-download needed,0,Yes,0,9,,,,"Readable PDFs containing chromatograms, metabolite tables, pathway schemes, or product identification.","Replace placeholder or unreadable files with real PDFs, then screen for products/intermediates.",Biodegradation_of_chlorpyrifos_by_enterobacter_strain_B_14_and_its_use_in_biorem.pdf | Effects_of_soil_pH_on_the_biodegradation_of_chlorpyrifos_and_isolation_of_a_chlo.pdf | Efficacy_of_Ethoprop_on_Meloidogyne_hapla_and_M__chitwoodi_and_Enhanced_Biodegra.pdf | Efficient_biodegradation_of_acephate_by__i_Pseudomonas_pseudoalcaligenes__i__PS_.pdf
Folpet,Placeholder files - redownload PDFs by DOI/title,"Redownload real PDF files for the top candidate titles/DOIs, then rerun PDF readability audit and pathway screening.",Full-text re-download needed,0,Yes,0,9,,,,"Readable PDFs containing chromatograms, metabolite tables, pathway schemes, or product identification.","Replace placeholder or unreadable files with real PDFs, then screen for products/intermediates.",Atmospheric_oxidation_of_Folpet_initiated_by_OH_radicals__NO_sub_3__sub__radical.pdf | Degradation_of_metalaxyl_and_mefenoxam_and_effects_on_the_microbiological_proper.pdf | Low_temperatures_lead_to_higher_toxicity_of_the_fungicide_folpet_to_larval_stage.pdf | Modification_of_the_existing_maximum_residue_level_for_folpet_in_lettuces_.pdf
Prothioconazole,Placeholder files - redownload PDFs by DOI/title,"Redownload real PDF files for the top candidate titles/DOIs, then rerun PDF readability audit and pathway screening.",Full-text re-download needed,0,Yes,0,9,,,,"Readable PDFs containing chromatograms, metabolite tables, pathway schemes, or product identification.","Replace placeholder or unreadable files with real PDFs, then screen for products/intermediates.",Changed_degradation_behavior_of_pesticides_when_present_in_mixtures_.pdf | Degradation_pathway_of_triazole_fungicides_and_synchronous_removal_of_transforma.pdf | Effect_of_novel_botanical_synergist_on_the_effectiveness_and_residue_behavior_of.pdf | Effective_and_Sustained_Control_of_Soil_Borne_Plant_Diseases_by_Biodegradable_Po.pdf
Dichlobenil,Placeholder files - redownload PDFs by DOI/title,"Redownload real PDF files for the top candidate titles/DOIs, then rerun PDF readability audit and pathway screening.",Full-text re-download needed,0,Yes,0,8,,,,"Readable PDFs containing chromatograms, metabolite tables, pathway schemes, or product identification.","Replace placeholder or unreadable files with real PDFs, then screen for products/intermediates.",Biodegradation_of_nitriles_in_shale_oil_.pdf | Degradation_and_mineralization_of_nanomolar_concentrations_of_the_herbicide_dich.pdf | Degradation_of_Acetonitrile_by_Pseudomonas_putida_.pdf | Fungal_degradation_of_aromatic_nitriles__Enzymology_of_C_N_cleavage_by_Fusarium_.pdf
Haloxyfop,Placeholder files - redownload PDFs by DOI/title,"Redownload real PDF files for the top candidate titles/DOIs, then rerun PDF readability audit and pathway screening.",Full-text re-download needed,0,Yes,0,8,,,,"Readable PDFs containing chromatograms, metabolite tables, pathway schemes, or product identification.","Replace placeholder or unreadable files with real PDFs, then screen for products/intermediates.",Chiral_method_validation_and_stereoselective_degradation_of_profoxydim_isomers_i.pdf | Dynamics_of_the_Degradation_of_Acetyl_CoA_Carboxylase_Herbicides_in_Vegetables_.pdf | Impact_of_biochar_on_the_degradation_rates_of_three_pesticides_by_vegetables_and.pdf | Molecular_basis_for_enantioselective_herbicide_degradation_imparted_by_aryloxyal.pdf
Fenhexamid,Placeholder files - redownload PDFs by DOI/title,"Redownload real PDF files for the top candidate titles/DOIs, then rerun PDF readability audit and pathway screening.",Full-text re-download needed,0,Yes,0,6,,,,"Readable PDFs containing chromatograms, metabolite tables, pathway schemes, or product identification.","Replace placeholder or unreadable files with real PDFs, then screen for products/intermediates.",Endocrine_disruptors_fludioxonil_and_fenhexamid_stimulate_miR_21_expression_in_b.pdf | Highly_sensitive_voltammetric_determination_of_the_fungicide_fenhexamid_using_a_.pdf | In_vitro_metabolism_of_tebuconazole__flurtamone__fenhexamid__metalaxyl_M_and_spi.pdf | Modification_of_the_existing_maximum_residue_levels_for_fenhexamid_in_various_cr.pdf
Imazethapyr,Placeholder files - redownload PDFs by DOI/title,"Redownload real PDF files for the top candidate titles/DOIs, then rerun PDF readability audit and pathway screening.",Full-text re-download needed,0,Yes,0,6,,,,"Readable PDFs containing chromatograms, metabolite tables, pathway schemes, or product identification.","Replace placeholder or unreadable files with real PDFs, then screen for products/intermediates.",Adsorption_and_degradation_of_imazapic_in_soils_under_different_environmental_co.pdf | Enantioselective_phytotoxicity_of_the_herbicide_imazethapyr_on_the_response_of_t.pdf | Ethylene_Biosynthesis_Inhibition_Combined_with_Cyanide_Degradation_Confer_Resist.pdf | Herbicidal_Ionic_Liquids__A_Promising_Future_for_Old_Herbicides__Review_on_Synth.pdf
Azinphos-Methyl,Placeholder files - redownload PDFs by DOI/title,"Redownload real PDF files for the top candidate titles/DOIs, then rerun PDF readability audit and pathway screening.",Full-text re-download needed,0,Yes,0,5,,,,"Readable PDFs containing chromatograms, metabolite tables, pathway schemes, or product identification.","Replace placeholder or unreadable files with real PDFs, then screen for products/intermediates.",Microbial_Degradation_of_Pesticide_Residues_and_an_Emphasis_on_the_Degradation_o.pdf | Organophosphorus_pesticide_degradation_product_in_vitro_metabolic_stability_and_.pdf | Photodegradation_of_pesticides_using_compound_specific_isotope_analysis__CSIA___.pdf | Screening_for__i_Lactobacillus_plantarum__i__Strains_That_Possess_Organophosphor.pdf
Dimethomorph,Placeholder files - redownload PDFs by DOI/title,"Redownload real PDF files for the top candidate titles/DOIs, then rerun PDF readability audit and pathway screening.",Full-text re-download needed,0,Yes,0,5,,,,"Readable PDFs containing chromatograms, metabolite tables, pathway schemes, or product identification.","Replace placeholder or unreadable files with real PDFs, then screen for products/intermediates.",Attenuation_and_soil_biodegradation_of_fungicides_by_using_vegetated_buffer_stri.pdf | Co_exposure_of_dimethomorph_and_imidacloprid__effects_on_soil_bacterial_communit.pdf | Degradation_strategies_of_pesticide_residue__From_chemicals_to_synthetic_biology.pdf | Dissipation_and_Safety_Analysis_of_Dimethomorph_Application_in_Lychee_by_High_Pe.pdf
Fluazinam,Placeholder files - redownload PDFs by DOI/title,"Redownload real PDF files for the top candidate titles/DOIs, then rerun PDF readability audit and pathway screening.",Full-text re-download needed,0,Yes,0,5,,,,"Readable PDFs containing chromatograms, metabolite tables, pathway schemes, or product identification.","Replace placeholder or unreadable files with real PDFs, then screen for products/intermediates.",Comparative_Transcriptome_Analysis_Reveals_the_Mechanism_Related_to_Fluazinam_St.pdf | Conclusion_regarding_the_peer_review_of_the_pesticide_risk_assessment_of_the_act.pdf | Dissipation_and_Residue_Pattern_of_Dinotefuran__Fluazinam__Indoxacarb__and_Thiac.pdf | Modification_of_the_existing_maximum_residue_levels_for_fluazinam_in_onions__sha.pdf
Cadusafos,Placeholder files - redownload PDFs by DOI/title,"Redownload real PDF files for the top candidate titles/DOIs, then rerun PDF readability audit and pathway screening.",Full-text re-download needed,0,Yes,0,4,,,,"Readable PDFs containing chromatograms, metabolite tables, pathway schemes, or product identification.","Replace placeholder or unreadable files with real PDFs, then screen for products/intermediates.",Biodegradation_of_chlorpyrifos_by_enterobacter_strain_B_14_and_its_use_in_biorem.pdf | Contribution_of_insect_gut_microbiota_and_their_associated_enzymes_in_insect_phy.pdf | Degradation_kinetics_and_physiological_studies_of_organophosphates_degrading_mic.pdf | Microbial_degradation_of_halogenated_aromatics__molecular_mechanisms_and_enzymat.pdf
Etoxazole,Placeholder files - redownload PDFs by DOI/title,"Redownload real PDF files for the top candidate titles/DOIs, then rerun PDF readability audit and pathway screening.",Full-text re-download needed,0,Yes,0,4,,,,"Readable PDFs containing chromatograms, metabolite tables, pathway schemes, or product identification.","Replace placeholder or unreadable files with real PDFs, then screen for products/intermediates.",Chiral_Separation_and_Determination_of_Etoxazole_Enantiomers_in_Vegetables_by_No.pdf | Crystal_structure_and_Hirshfeld_surface_analysis_of_the_pesticide_etoxazole_.pdf | Peer_review_of_the_pesticide_risk_assessment_of_the_active_substance_etoxazole_.pdf | Residue_Behaviors_and_Degradation_Dynamics_of_Insecticides_Commonly_Applied_to__.pdf
Isoxaflutole,Placeholder files - redownload PDFs by DOI/title,"Redownload real PDF files for the top candidate titles/DOIs, then rerun PDF readability audit and pathway screening.",Full-text re-download needed,0,Yes,0,3,,,,"Readable PDFs containing chromatograms, metabolite tables, pathway schemes, or product identification.","Replace placeholder or unreadable files with real PDFs, then screen for products/intermediates.",Changed_degradation_behavior_of_pesticides_when_present_in_mixtures_.pdf | Comparison_of_transcriptome_responses_to_glyphosate__isoxaflutole__quizalofop_p_.pdf | Ecotoxicological_Evaluation_of_Safener_and_Antimicrobial_Additives_in_Isoxafluto.pdf
Carbosulfan,No local readable file - literature search needed,Search literature for experimentally reported microbial degradation products before adding any pathway arrows.,PDF folder missing,0,No,0,0,,,,Full-text paper PDFs or reliable source files with degradation products/intermediates.,Create or locate the pesticide PDF folder before pathway curation.,
Cypermethrin,No local readable file - literature search needed,Search literature for experimentally reported microbial degradation products before adding any pathway arrows.,PDF folder missing,0,No,0,0,,,,Full-text paper PDFs or reliable source files with degradation products/intermediates.,Create or locate the pesticide PDF folder before pathway curation.,
Dithiocarbamate,No local readable file - literature search needed,Search literature for experimentally reported microbial degradation products before adding any pathway arrows.,PDF folder missing,0,No,0,0,,,,Full-text paper PDFs or reliable source files with degradation products/intermediates.,Create or locate the pesticide PDF folder before pathway curation.,
Propoxur,No local readable file - literature search needed,Search literature for experimentally reported microbial degradation products before adding any pathway arrows.,PDF folder missing,0,No,0,0,,,,Full-text paper PDFs or reliable source files with degradation products/intermediates.,Create or locate the pesticide PDF folder before pathway curation.,
